"Authors","Author full names","Author(s) ID","Title","Year","Source title","Volume","Issue","Art. No.","Page start","Page end","Cited by","DOI","Link","Abstract","Author Keywords","Index Keywords","Document Type","Publication Stage","Open Access","Source","EID"
"Leukel J.","Leukel, Joerg (6602335691)","6602335691","Standardization of Product Ontologies in B2B Relationships – On the Role of ISO 13584","2004","10th Americas Conference on Information Systems, AMCIS 2004","","","","4084","4091","19","","https://www.scopus.com/pages/publications/33846194752?origin=resultslist","Product ontologies in B2B relationships establish a shared and common understanding of a product domain by building hierarchies of product classes enriched by attributes. This is especially true for standardized product ontologies which enable efficient catalog navigation and product search as well as product comparison across suppliers. While much research work has been carried out on the classification process, business practice has to cope with heterogeneities regarding data exchange, formal specifications and semantic richness that hinder the proliferation of product ontologies. One solution may be the standard ISO 13584, routed in product data management. This paper aims at analyzing the potential of ISO 13584 as a reference model for product ontologies. The paper will assess its capabilities by deriving requirements. This will be complemented by an empirical analysis of a selected product ontology in order to determine both the current relevance of ISO 13584 and needs for enhancements or modifications. © 2004, Association for Information Systems. All rights reserved.","B2B; e-commerce; ontologies; standardization; XML","Electronic data interchange; Information management; Semantics; Standardization; B2B; Business practices; Classification process; E- commerces; Ontology's; Product class; Product Data Management; Product Ontologies; Reference modeling; Standardized products; Ontology","Conference paper","Final","","Scopus","2-s2.0-33846194752"
"Tomovska E.","Tomovska, Elena (35270751600)","35270751600","Components of apparel e-retailer websites: Qualitative analysis of the components of apparel e-retailer websites (part I); [Komponente internetskih stranica tvrtki za elektronsku maloprodaju odjeće: Kvalitativna analiza komponenata internetskih stranica (1. dio)]","2009","Tekstil","58","5","","207","213","0","","https://www.scopus.com/pages/publications/73349134640?origin=resultslist","This paper investigates the shopping experience in an online environment through examining the content of apparel e-retailer websites. The analysis is conducted through dividing the web content into four aspects: product information, product display, customer services offered and the ease of navigation. The total of 105 components were examined. The survey includes 17 top performing UK apparel e-retailers, with different operational structure: multiples, catalogues, department stores and pure play e-retailers. The frequency of appearance of each component is examined in order to provide information of what components apparel retailers exploit. The content analysis shows that services and ease of navigation exhibit uniformity throughout all sites and comply to a great extent with best practice. Although a lot of basic product information is given, e-retailers do not provide enough sensory information useful in making purchase decisions for garments. The products are displayed to satisfy an economically oriented shopper, thus disregarding the fashion-oriented ones.","Apparel e-retailer websites; Components apparel retailers; Content analysis; Making purchase decisions for garments","clothing industry; cost; customer service; decision making; e-commerce; garment appearance; qualitative analysis; retailing","Article","Final","","Scopus","2-s2.0-73349134640"
"Tian X.; Meng L.; Liu S.; Shen Z.; Chng E.-S.; Leung C.; Guan F.; Miao C.","Tian, Xiaohai (56022979300); Meng, Lei (56224317800); Liu, Siyuan (55277926900); Shen, Zhiqi (57206655762); Chng, Eng-Siong (24474196000); Leung, Cyril (7402612617); Guan, Frank (14035363800); Miao, Chunyan (8850060600)","56022979300; 56224317800; 55277926900; 57206655762; 24474196000; 7402612617; 14035363800; 8850060600","Novel functional technologies for age-friendly E-commerce","2017","Lecture Notes in Computer Science (including subseries Lecture Notes in Artificial Intelligence and Lecture Notes in Bioinformatics)","10298","","","150","158","4","10.1007/978-3-319-58536-9_13","https://www.scopus.com/pages/publications/85025125873?origin=resultslist","In this paper, we present an age-friendly E-commerce system with novel assistive functional technologies, aiming at providing a comfortable online shopping environment for the elderly. Besides incorporating human factors for the elderly into the design of user interface, we build an age-friendly system by improving the functional usability. First, to improve the searching experience, we design a multimodal product search function, which accepts image, speech, text and the combination of them as inputs to help the elderly find products easily and accurately. Second, we develop a product reputation function to provide an objective evaluation of products’ quality, which helps the elderly filter out low-quality products while saves their energy in product comparison. Additionally, to reduce the elderly’s visual burden when browsing the Web, a personalized speech feedback function is designed to provide speech assistant for the elderly. Our system has been testified using real-world E-commerce data, and the result demonstrates its feasibility. © Springer International Publishing AG 2017.","Age-friendly E-commerce; Elderly; Multimodal search; Personalized speech feedback; Product reputation; Usability","Commerce; Electronic commerce; User interfaces; Age-friendly; Elderly; Multimodal search; Product reputation; Usability; Product design","Conference paper","Final","","Scopus","2-s2.0-85025125873"
"Mhiribidi T.C.; Chigodo E.T.; Jowa V.","Mhiribidi, Tariro Claudia (59793237900); Chigodo, Eva Tsitsi (59788506300); Jowa, Viola (57222039455)","59793237900; 59788506300; 57222039455","Conversational Commerce: Designing and Evaluating a Whatsapp-Based e-Commerce Chatbot","2024","Proceedings of the 2024 3rd Zimbabwe Conference on Information Communication and Technology, ZCICT 2024","","","","","","1","10.1109/ZCICT63770.2024.10958353","https://www.scopus.com/pages/publications/105004550456?origin=resultslist","This paper presents the design, development, and comprehensive evaluation of an advanced WhatsApp-based e-commerce chatbot. By integrating product search, secure payment processing, and order fulfilment functionalities within the WhatsApp platform, the system enhances the customer experience through Natural Language Processing (NLP) and machine learning techniques. The chatbot demonstrated significant improvements in user engagement, transaction completion rates, and operational cost reductions. Initial experiments show high user satisfaction with a 97% success rate in catalogue navigation and a 95% transaction completion rate. Future improvements will focus on multi-language support, AI-driven recommendations, and enhanced payment options.  © 2024 IEEE.","conversational commerce; machine learning; natural language processing (NLP); user experience (UX)","Electronic money; Marketplaces; Mobile commerce; Chatbots; Conversational commerce; Design development; E- commerces; Language processing; Machine-learning; Natural language processing; Natural languages; User experience (UX); Users' experiences; Natural language processing systems","Conference paper","Final","","Scopus","2-s2.0-105004550456"
"Kwon I.-H.; Kim C.O.; Kim K.P.; Kwak C.","Kwon, Ick-Hyun (23097429600); Kim, Chang Ouk (7409879549); Kim, Kyung Pil (23097873700); Kwak, Choonjong (14054346400)","23097429600; 7409879549; 23097873700; 14054346400","Recommendation of e-commerce sites by matching category-based buyer query and product e-catalogs","2008","Computers in Industry","59","4","","380","394","19","10.1016/j.compind.2007.10.002","https://www.scopus.com/pages/publications/39749112018?origin=resultslist","In this paper, an e-commerce site recommendation system that integrates multiple e-commerce sites is proposed. This system provides the users with a unified portal through which the users can search individual suppliers' product categories efficiently. The core part of the system is an intelligent product meta-search engine that has the following functions: (1) it provides category-based query, with which a buyer can describe his or her product search intention using superclass/subclass relationship, (2) by using WordNet, the buyer's query is semantically extended in order to increase product search accuracy, and (3) the meta-search engine decides a recommended priority of the suppliers by matching the buyer's query with the suppliers' product categories and computing a semantic relevancy measure. Experiments show that the performance of the meta-search is better than those of general keyword-based search and category-based search. © 2007 Elsevier B.V. All rights reserved.","Category-based query; Category-matching algorithm; Meta-search engine; Product category search; Semantic relevancy measure","Functions; Product development; Query languages; Search engines; Semantics; User interfaces; Category-based query; Category-matching algorithms; Meta-search engines; Product category search; Semantic relevancy measures; Electronic commerce","Article","Final","","Scopus","2-s2.0-39749112018"
"Singhal S.; Kumar R.; Singh V.","Singhal, Shubhanshi (57201122080); Kumar, Rakesh (57187034200); Singh, Vikram (57220825309)","57201122080; 57187034200; 57220825309","Interplay of LDA-EMD for Enhanced Product Recommendation Strategy","2026","Communications in Computer and Information Science","2737 CCIS","","","475","493","0","10.1007/978-3-032-14534-5_39","https://www.scopus.com/pages/publications/105029616900?origin=resultslist","In the modern era of personalization, recommender systems are expected to tailor item recommendations to meet user (U) preferences, helping them explore and discover relevant items (I). However, the complexity and subjectivity of user preferences pose challenges due to their inherent dynamics. To address this, user interactions and overlaps (U-U, U-I, and I-I), along with submitted feedback such as reviews and ratings, are leveraged to achieve a higher degree of personalization and other low-level tasks like product search, product rating, cold-start problems, and long-tail issues. Among these challenges, the long tail is a significant concern, as popular items (the “long tail”) are often overlooked, severely affecting overall diversity. In this paper, a hybrid recommendation strategy has been proposed by combining LDA and EMD techniques to address the long tail issue in recommendations primarily. In the first phase, LDA generates topic distributions, and EMD estimates similarity among these distributions, i.e., user preferences to item descriptions, to align recommendations with the user’s broader interests, not just exact matches. We empirically evaluate the efficacy of this LDA-EMD hybrid strategy, designed to assist customers in finding products that fulfil their personalization needs. The experimental evaluation was conducted on an Amazon e-commerce dataset comprising 1,466 products spanning 16 genres, with varying levels of aspect information. The improvement in recall for a set of 20 and 50 products is 0.1500 and 0.2500, respectively. Integrating LDA with EMD not only identifies direct matches but also discovers items that are similar in more complex ways, which were missed by previous models, resulting in improved recall. Additionally, other metrics, such as NDCG@20 and NDCG@50, demonstrate the superiority of the proposed strategy over baseline models. The empirical evaluation confirms the feasibility of integrating LDA and EMD to enhance recommendation accuracy and user satisfaction, thereby contributing to the advancement of personalized recommender system. © The Author(s), under exclusive license to Springer Nature Switzerland AG 2026.","Collaborative Filtering; Content-based Filtering; Deep Learning; Long Tail; Recommender System","Deep learning; Electronic commerce; Starting; User interfaces; Cold start problems; Content based filtering; Deep learning; Long tail; Personalizations; Product ratings; Product recommendation; Recommendation strategies; User interaction; User's preferences; Recommender systems","Conference paper","Final","","Scopus","2-s2.0-105029616900"
"Zhang J.; Pu P.","Zhang, Jiyong (57211380351); Pu, Pearl (7005276079)","57211380351; 7005276079","Effort and accuracy analysis of choice strategies for electronic product catalogs","2005","Proceedings of the ACM Symposium on Applied Computing","1","","","808","814","6","10.1145/1066677.1066863","https://www.scopus.com/pages/publications/33644546658?origin=resultslist","One crucial task for e-commerce systems is to help buyers find products that not only satisfy their preferences but also reduce their search effort. Usually the amount of available products is far beyond the upper limit that any individual could process by hand; thus product search tools are employed to generate target product (s) by eliciting the buyer's preferences and then executing some kind of choice strategies. We propose in this paper an extended effort-accuracy framework for measuring the performance of various choice strategies in terms of cognitive effort, elicitation effort and decision accuracy. The performance of a variety of basic choice strategies is further studied by theoretical analysis as well as empirical simulations. It shows that the performance of a given choice strategy is a tradeoff between choice accuracy and effort required from the users. The proposed framework also suggests a new efficient method of evaluating the user interfaces of e-commerce systems by analyzing the performance of the underlying choice strategies. Copyright 2005 ACM.","Choice strategies; Electronic product catalog; Elementary elicitation process; Elicitation effort; Extended effort-accuracy framework; Preference elicitation","Computer simulation; Electronic equipment; Numerical analysis; Product development; User interfaces; Electronic product catalog; Elementary elicitation process; Extended effort-accuracy framework; Preference elicitation; Electronic commerce","Conference paper","Final","All Open Access; Green Open Access","Scopus","2-s2.0-33644546658"
"Dhamone S.S.; Rahamthulla S.K.; Nithya P.; Babu P.M.; Alok N.; Abbas N.","Dhamone, Santosh Shivlal (59714530100); Rahamthulla, Shaik. Khaja (59714530200); Nithya, P. (57209802043); Babu, P. Mohan (59816327800); Alok, N. (57217537953); Abbas, Nidal (57468213200)","59714530100; 59714530200; 57209802043; 59816327800; 57217537953; 57468213200","An Advanced Logic to Optimize the Product Search Engines Based on Dynamic Facet Ordering Model to Support E-Commerce Industry","2024","Proceedings of the 2024 International Conference on Innovative Computing, Intelligent Communication and Smart Electrical Systems, ICSES 2024","","","","","","0","10.1109/ICSES63760.2024.10910568","https://www.scopus.com/pages/publications/105001332363?origin=resultslist","This study presents an advanced logic for optimizing product search engines in the e-commerce industry using a dynamic facet ordering model. Traditional static facet-based systems often fail to adapt to real-time user behavior and product diversity, leading to inefficient search experiences. The dynamic facet ordering model introduced in this research utilizes metrics such as facet specificity and dispersion to rank product attributes in real-time, allowing for faster and more accurate product discovery. In a large-scale simulation involving consumer electronics, the dynamic facet system outperformed both expert-based static systems and entropy-based models, reducing the number of clicks by an average of 40%. User satisfaction increased by 25% on average, with satisfaction scores reaching 9.3 out of 10. The dynamic system also showed a facet selection efficiency of 82%, indicating its ability to prioritize the most relevant facets for users. With a system response time averaging 240 milliseconds, this dynamic model proved effective for enhancing both user experience and system performance. These results demonstrate the viability of dynamic facet ordering as a solution for improving e-commerce search engines. © 2024 IEEE.","Dynamic Facet Ordering; E-Commerce; Facet Specificity; Product Search; User Interface","Commerce; Marketplaces; Response time (computer systems); Dynamic facet ordering; E- commerces; Facet specificity; Large scale simulations; ON dynamics; Product attributes; Product diversity; Product search; Real- time; User behaviors; Expert systems","Conference paper","Final","","Scopus","2-s2.0-105001332363"
"Homoceanu S.; Balke W.-T.","Homoceanu, Silviu (37761619000); Balke, Wolf-Tilo (55882125200)","37761619000; 55882125200","What makes a phone a business phone: Querying concepts in product data","2011","Proceedings - 2011 IEEE/WIC/ACM International Conference on Web Intelligence, WI 2011","1","","6040491","23","31","2","10.1109/WI-IAT.2011.105","https://www.scopus.com/pages/publications/80155122608?origin=resultslist","The Web has become the primary source of information containing both structured and unstructured information. A good example is e-commerce where products are usually described by technical specifications (structured data) and textual user reviews (unstructured data). Both sources of information complement each other, covering quantifiable as well as perceived aspects of each product. In fact, for most searches users will have more or less abstract concepts in mind, as opposed to clear cut categorical information. In this paper we develop a novel approach to reveal implicit product features for querying by combining structured product data with natural-language product reviews. Using a self-supervised learning technique we progressively build a query-aware representation of the product domain under consideration. This representation can then effectively be used for intuitive querying. We performed extensive experiments confirming the effectiveness of our approach over real world product data. In particular, our evaluations show vastly improved precision and recall over the respective IR techniques. © 2011 IEEE.","Concept extraction; Concepts; E-commerce; Product search; Query expansion; Semantic mismatch","Electronic commerce; Semantics; Supervised learning; User interfaces; Concept extraction; Concepts; Product search; Query expansion; Semantic mismatch; Telephone sets","Conference paper","Final","","Scopus","2-s2.0-80155122608"
"Torres R.C.; Entrada M.A.L.; Katigbak K.M.L.; Posadas M.I.C.","Torres, Ramachandra C. (59308304200); Entrada, Meryl Ann L. (59342858100); Katigbak, Kristine Mae L. (59342029300); Posadas, Maria Isabel C. (59342160900)","59308304200; 59342858100; 59342029300; 59342160900","Customers'Behavioral Intention and Actual Use of Mobile Shopping Platforms: Understanding Predictors Through Mathematical Modelling","2024","ACM International Conference Proceeding Series","","","","7","13","0","10.1145/3675585.3675595","https://www.scopus.com/pages/publications/85204881451?origin=resultslist","Due to safety concerns during COVID-19, mobile shopping became popular as people sought safer and more socially distant ways to shop from home. As the world continues to navigate the aftermath of the pandemic, one question is whether mobile commerce still outweighs traditional shopping or if the latter has regained its dominance. Hence, this study explores the relationship between user experiences, security concerns, social influence, behavioral intention, and actual use in mobile commerce, specifically Shopee and Lazada platforms. It intends to construct a statistical model that explains these processes in detail and provides valuable insights for businesses to adapt to changing customer needs. The study utilized a descriptive-correlational quantitative approach with 310 participants selected through non-probability snowball sampling. The data were collected through self-administered online questionnaires. The results showed that user experience, security concerns, and social influence impact customers' intentions to use mobile shopping platforms, while customers' behavioral intentions strongly predict their actual use. The proposed framework was evaluated using structural equation modeling, which was statistically generally acceptable. Mobile shopping platforms are influenced by user experience, security concerns, and social influence. Marketers and platform managers should prioritize a seamless user experience, improve website and app design, optimize product search and navigation features, and ensure smooth and secure payment processes. Enhancing user experience and implementing strong security measures can increase customer satisfaction and loyalty, leading to higher engagement. Additionally, social influence plays a crucial role in the mobile shopping landscape. Marketers should add social support features or social media elements to their platforms to influence customer trust and impact purchasing decisions. Future research could explore whether behavioral intention may mediate the main predictors' direct effect on customers' actual usage. It would also be beneficial to investigate other characteristics or the profile of the customers, further enhancing our understanding of the dynamics within the e-commerce industry.  © 2024 ACM.","Customers' Behavioral Intention; Lazada; Mathematical Modelling; Mobile-Shopping Platforms; Shopee","Marketplaces; Mobile commerce; Shopping centers; User experience; Web Design; Actual use; Behavioral intention; Customer' behavioral intention; Lazada; Mathematical modeling; Mobile shopping; Mobile-shopping platform; Shopee; Social influence; Users' experiences; Sales","Conference paper","Final","","Scopus","2-s2.0-85204881451"
"Case C.","Case, Corey (57209408453)","57209408453","A fortune 14 company’s journey to delivering a modern e-commerce customer experience","2019","Journal of Brand Strategy","8","1","","10","19","1","10.69554/wkhz3271","https://www.scopus.com/pages/publications/85067664419?origin=resultslist","Digital transformation in business-to-business (B2B) organisations tends to move very slowly. The expectations of B2B buyers have quickly changed over the last few years. They now demand the same user experience, ease of navigation, intuitive search, robust product content and basic self-service experienced as consumers. This paradigm shift is driven mostly by the retail e-commerce experience that has evolved greatly over the last couple of decades. The challenge for the B2B marketer or e-commerce leader is that the target audience is not willing to wait a decade or two. The gap in current state compared with expected state must be closed with greater speed and urgency. It is these customer demands that prompted Cardinal Health’s medical business to initiate a journey — four years ago — to create an expected e-commerce experience. This case study highlights the Cardinal Health journey to date with an emphasis on making the case for change, developing a roadmap and executing the initial site launch. © HENRY STEWART PUBLICATIONS.","B2B; Customer experience; Digital transformation; E-commerce; Online merchandising; Personalisation; Product content; Product search; Self-service","","Article","Final","","Scopus","2-s2.0-85067664419"
"Kalangutkar A.; Yadav R.; Hadapad P.S.; Naik V.V.; Menezes V.; Sawant S.","Kalangutkar, Aditi (58674342600); Yadav, Radha (54893773800); Hadapad, Priya S. (58674359000); Naik, Vinisha V. (58674445300); Menezes, Valerie (56909818600); Sawant, Shreedatta (58674445400)","58674342600; 54893773800; 58674359000; 58674445300; 56909818600; 58674445400","Voice Controlled Operations and Navigations for e-Commerce","2023","2023 International Conference on Network, Multimedia and Information Technology, NMITCON 2023","","","","","","1","10.1109/NMITCON58196.2023.10276232","https://www.scopus.com/pages/publications/85175403325?origin=resultslist","Voice based operations are increasingly being used by the users in their day to day lives and are being used in various sectors for making their lives easier simply by speaking rather than typing keywords. Performing actions using voice is faster and accessible to the users who are not comfortable with the UI of the application. However, there are very few implementations of these voice-controlled systems on the web and e-commerce. This paper presents a browser extension which can be used on various e-commerce sites and get appropriate responses. This tool will allow users to perform human-to-machine interaction, anytime and anywhere using speech recognition and provide ease to the users without using their fingertips. This tool will be a chrome extension (add-on or plugin), that will take voice as an input and will convert it to text, extract meaning from the text, and then perform a wide variety of tasks including the product search, add to cart, in-app navigations, and other operations through speech. This extension will be a combination of technologies, such as automatic speech recognition, text-to-speech service, and natural language understanding, to engage in natural conversational interactions with humans.  © 2023 IEEE.","Chrome Extension; E-commerce sites; Fun ctionalities; In-app Navigations; Speech Recognition; Success Rate; Voice Assistant; Web Speech API","Character recognition; Electronic commerce; Navigation; Chrome extensions; Controlled system; E- commerces; E-commerce sites; Fun ctionality; In-app navigation; Success rate; Voice assistant; Voice-controlled; Web speech API; Speech recognition","Conference paper","Final","","Scopus","2-s2.0-85175403325"
"Both A.; Nguyen V.; Keck M.; Kammer D.; Groh R.; Henkens D.","Both, Andreas (23966392700); Nguyen, Viet (56511015400); Keck, Mandy (7006897030); Kammer, Dietrich (36647518200); Groh, Rainer (25031087800); Henkens, Dana (55339174100)","23966392700; 56511015400; 7006897030; 36647518200; 25031087800; 55339174100","Get inspired: A visual divide and conquer approach for motive-based search scenarios","2014","Proceedings of the 13th International Conference WWW/Internet 2014, ICWI 2014","","","","91","98","3","","https://www.scopus.com/pages/publications/84946015496?origin=resultslist","A novel generation of (e.g. touch-driven) applications leads to a new universe of interaction paradigms and a growing need for simple, inspiring and smart interfaces. A system intended for non-experts should only present information the user needs to solve his task, instead of confronting him with the large and complex underlying data structure. In this paper, we focus on users wanting to perform a product search driven by a vague information need. We call this kind of search motive-based search, which is often initiated by unconscious motives and expectations that are difficult to transform into a specific search query. Therefore, we developed a search approach, which allows a step-by-step reduction of the result set by selecting (visualized) concepts such as ""beach"", ""relaxing"" and ""culture"". Concepts are often organized as multiple faceted hierarchies and can also be used as navigation paradigm, named faceted search. We will present the significant flaws of this approach concerning larger knowledge bases. Alternatively, we propose a selection-based recommendation-driven search, based on the principle of divide and conquer. An experiment compares both approaches proving that the proposed approach allows to solve the given search tasks in shorter time and with less effort.","Emotional interfaces; Information retrieval in semantic web; Interfaces for big data; Interfaces for e-commerce; Interfaces for recommender systems; Search interfaces","Big data; Electronic commerce; Recommender systems; Semantic Web; Divide and conquer; Divide-and-conquer approach; Interaction paradigm; Knowledge basis; Search interfaces; Search queries; Selection based; Smart interface; Search engines","Conference paper","Final","","Scopus","2-s2.0-84946015496"
"Vandic D.; Aanen S.; Frasincar F.; Kaymak U.","Vandic, Damir (36667552000); Aanen, Steven (55236518200); Frasincar, Flavius (55885142300); Kaymak, Uzay (7004385524)","36667552000; 55236518200; 55885142300; 7004385524","Dynamic Facet Ordering for Faceted Product Search Engines","2017","IEEE Transactions on Knowledge and Data Engineering","29","5","7815437","1004","1016","32","10.1109/TKDE.2017.2652461","https://www.scopus.com/pages/publications/85018517106?origin=resultslist","Faceted browsing is widely used in Web shops and product comparison sites. In these cases, a fixed ordered list of facets is often employed. This approach suffers from two main issues. First, one needs to invest a significant amount of time to devise an effective list. Second, with a fixed list of facets, it can happen that a facet becomes useless if all products that match the query are associated to that particular facet. In this work, we present a framework for dynamic facet ordering in e-commerce. Based on measures for specificity and dispersion of facet values, the fully automated algorithm ranks those properties and facets on top that lead to a quick drill-down for any possible target product. In contrast to existing solutions, the framework addresses e-commerce specific aspects, such as the possibility of multiple clicks, the grouping of facets by their corresponding properties, and the abundance of numeric facets. In a large-scale simulation and user study, our approach was, in general, favorably compared to a facet list created by domain experts, a greedy approach as baseline, and a state-of-the-art entropy-based solution. © 2017 IEEE.","Facet ordering; product search; user interfaces","Commerce; Electronic commerce; Search engines; Domain experts; Facet ordering; Faceted browsing; Fully automated; Greedy approaches; Large scale simulations; product search; State of the art; User interfaces","Article","Final","All Open Access; Green Open Access","Scopus","2-s2.0-85018517106"
"Tomovska E.","Tomovska, Elena (35270751600)","35270751600","Components of apparel e-retailers websites: Differences in the components of apparel e-retailers websites and their relationship to online purchase (part II); [Komponente internetskih stranica tvrtki za elektronsku maloprodaju odječe: Razlike medu komponentama i njihov odnos s internetskom trgovinom (2. dio)]","2009","Tekstil","58","6","","281","287","0","","https://www.scopus.com/pages/publications/76549136616?origin=resultslist","The second part of this paper examines whether the constituent components of apparel e-retailers Websites differ and if there is any correlation between the components of apparel e-retailers' Websites and the number of purchases via the site. The survey included 17 top performing UK apparel e-retailers, with different operational structure, namely multiples, catalogues, department stores and pure play e-retailers. The Website components were analysed according to four aspects: product information, product display, customer services offered and the ease of navigation. A principle components analysis revealed differences in components among online multiples, online catalogues and pure plays. A chi-square test showed that the most significant differences were in product information and display. However, the components of the Website were not related to the number of purchases on that site. Therefore, the study indicated that e-retailers need to consider aspects other than Website content in order to gain market share.","Aparel e-ratailer; Components of apparel e-retailers; Content analysis; Making purchase decisions for garments","clothing industry; consumer research; customer service; decision making; e-commerce; internet; market; retailing","Article","Final","","Scopus","2-s2.0-76549136616"
"Zhang L.; Sanyal S.; King T.","Zhang, Liping (60572330400); Sanyal, Subhajit (23135689800); King, Tracy (9846796300)","60572330400; 23135689800; 9846796300","CTMR: Cohort-Aware Transformer Multi-Objective Ranker for Personalized Debiased and Diversity-Aware Product Search","2025","IEEE International Conference on Data Mining Workshops, ICDMW","","","","1128","1134","3","10.1109/ICDMW69685.2025.00133","https://www.scopus.com/pages/publications/105035388126?origin=resultslist","Modern e-commerce platforms must balance short-term engagement-CTR with downstream outcomes-CVR, while ensuring fairness across user cohorts, long-tail queries, and strict latency requirements. Prior frameworks, such as UWM3R, introduced multi-task uncertainty weighting and hybrid pairwise ranking, but lacked fine-grained semantic alignment, cohort personalization, or explicit exposure-diversity control. We present CTMR, a Transformer-based multi-objective re-ranking framework that integrates: field-aware positional encoders for Adobe creative content product query text, Late-Interaction MaxSim features for scalable token matching, Cohort-Conditioned Hy perNetworks to adapt expert routing and CTR-CVR mixing, inverse-propensity-weighted pairwise debiasing, and an exposure-diversity regularizer. On 4M query-product interactions from Adobe creative content marketplace, CTMR improves AUC, NDCG, MAP, MRR over strong baselines, reduces long-tail exposure Gini. CTMR demonstrates that responsible and scalable multi-objective ranking can advance both business goals and user experience in interactive e-commerce search. © 2025 IEEE.","debiasing; diversity-aware retrieval; E-commerce search; multi-task learning; personalization; transformer ranking","Electronic commerce; Information retrieval; Learning systems; Multi-task learning; Query processing; User experience; User interfaces; Creatives; De-biasing; Diversity-aware retrieval; E- commerces; E-commerce search; Long tail; Multi objective; Multitask learning; Personalizations; Transformer ranking; Semantics","Conference paper","Final","","Scopus","2-s2.0-105035388126"
"Huang J.; Wang X.","Huang, Jieqiong (57547137800); Wang, Xiaozhi (9244810400)","57547137800; 9244810400","User Experience Evaluation of B2C E-Commerce Websites Based on Fuzzy Information","2022","Wireless Communications and Mobile Computing","2022","","6767960","","","16","10.1155/2022/6767960","https://www.scopus.com/pages/publications/85133142762?origin=resultslist","With the popularization of personal computers and the development of the Internet, the number of netizens is increasing. The emerging B2C e-commerce platform shows the fierce competition in the e-commerce market. B2C e-commerce distribution is faced with the problems of high distribution cost, long time, and poor quality, which leads to the poor user experience of B2C online shopping and the lack of trust in e-commerce enterprises. This research mainly discusses the user experience evaluation of B2C e-commerce websites based on fuzzy information. First, the AHP analytic hierarchy process is used to construct a hierarchical evaluation system, and then, the two-by-two judgment matrix is compared to the index factors at all levels, and experts are invited to score the method to determine the weight of each index to test whether it meets the consistency requirements. Finally, the fuzzy comprehensive evaluation method is used to perform fuzzy conversion of the original weight, and the membership degree set of the user experience evaluation factors is given, and the fuzzy comprehensive calculation result of the B2C website performance level is calculated. By combining in-depth interviews with website users and questionnaire surveys to analyze the behavioral characteristics of user information navigation, summarize the demand list for product search, product selection, product comparison, and product detail page browsing, and provide a reference for the design and development of information navigation. Calculating the decision model, mainly using fuzzy calculation, calculate the foreground value under each attribute and get the comprehensive foreground value. By comparing with the decision-making behavior model constructed by expected utility theory, it is found that the behavioral decision-making model constructed in this paper based on prospect theory can be closer to the actual situation. In this study, the satisfaction with the function provided reached 68 points, the emotional response 66 points, the aesthetic response 70 points, and the information construction 64 points. Through empirical research, the key factors affecting user satisfaction of B2C e-commerce logistics distribution are summarized, and a B2C e-commerce logistics distribution evaluation system based on user experience is established. This research will provide methods and ideas for the research on user experience design of e-commerce websites and the research and development of related network products. The article helps to draw out the countermeasures and suggestions for the development of the current B2C e-commerce logistics distribution. © 2022 Jieqiong Huang and Xiaozhi Wang.","","Behavioral research; Decision making; Decision theory; Electronic commerce; Fuzzy set theory; Product design; Surveys; Web Design; B2C e-commerce; Commerce platforms; Distribution costs; E-commerce websites; Fuzzy information; Logistic distributions; Netizen; User experience evaluations; Users' experiences; Personal computers","Article","Final","All Open Access; Hybrid Gold Open Access","Scopus","2-s2.0-85133142762"
"Mora M.; Moreno M.C.; Suarez O.J.","Mora, Mauricio (60403023400); Moreno, Maria C. (57213709663); Suarez, Oscar J. (57201349175)","60403023400; 57213709663; 57201349175","A Multimodal AI Assistant for Cost-Aware Semantic Retrieval in E-Commerce Microservice Ecosystems","2025","IEEE Colombian Conference on Applications of Computational Intelligence, ColCACI","","2025","","","","0","10.1109/ColCACI67437.2025.11230901","https://www.scopus.com/pages/publications/105030339773?origin=resultslist","Modern e-commerce platforms face the persistent challenge of providing highly accurate and efficient product search and recommendation systems. Therefore, this paper presents a virtual assistant system based on Artificial Intelligence (AI) that integrates semantic product search and recommendation within a scalable microservice framework. The system combines a local MySQL database with a Python-based processing module (BotBrain), deployed via Flask for efficient query handling. User inputs—textual or vocal—are processed through transformer-based semantic embeddings with re-ranking strategies, enabling precise contextual matching. A dynamic interface built with React.js and the Web Speech Application Programming Interface (API) allows multimodal interaction. Experimental results show a 90% precision and 0.91 F1-score in recommendations, along with a 44% reduction in search time and 20% fewer external API calls. These improvements translate into a 13% decrease in operational costs, an 81% rate of positive user experience, and a System Usability Scale (SUS) score of 86.4. Finally, the system architecture reduces the reliance on external servers. ©2025 IEEE.","Cosine similarity; E-commerce; Multimodal Interaction; Recommendation systems; Semantic analysis","Application programming interfaces (API); Artificial intelligence; Computer programming; Electronic commerce; Human computer interaction; Information management; Information systems; Interactive computer systems; Query processing; Search engines; Semantic Web; Semantics; User experience; User interfaces; Applications programming interfaces; Commerce platforms; Cosine similarity; Cost-aware; E- commerces; Highly accurate; Multi-modal; Multimodal Interaction; Semantic analysis; Semantic retrieval; Recommender systems","Conference paper","Final","","Scopus","2-s2.0-105030339773"
"Løber L.B.; Svendsen S.","Løber, Lasse Baungård (57998579800); Svendsen, Simon (57998324900)","57998579800; 57998324900","An explor ative study of salient usabil ity attri butes affect ing m-com merce con sumer behav iour in a Nordic con text","2022","Applied Marketing Analytics","8","2","","206","222","2","","https://www.scopus.com/pages/publications/85143632592?origin=resultslist","M-commerce, or mobile commerce, refers to smartphone shopping and plays an increasingly large role within e-commerce. Past research in the field of information systems (IS) success has primarily consisted of quantitative studies. Little research has been conducted in an m-commerce context. Furthermore, few qualitative works on the intersec-tion of success factors from firms’ perspective and m-commerce exist. In fact, there is a knowledge gap regarding how business practitioners can increase their website usability in an m-commerce setting. Based on the mapping of usability attributes by Kuan et al., which elaborates on DeLone and McLean’s IS Success Model, this paper aims to identify the most important website usability attributes by generating new insights about mobile con-sum ers’ behaviour. This is obtained via a qualitative approach, using data about consumer behaviour on four Nordic m-commerce webshops within the baby products industry. Eight respondents completed a smartphone task while verbalising their thoughts. This data was supplemented with eye-tracking information. The theoretical model was operationalised via creating 19 codes corresponding to 19 usability attributes. As such, this paper took a deductive approach, coding the data in NVivo by tagging labels to categorical labels. Based on the number of references for each categorical label, three salient attributes were identified to increase m-commerce website usability: ‘ease of navigation’, ‘relevance’ and ‘effectiveness of product search and comparison’. The managerial implications include recommendations for these three attributes, including the use of categorisation and filtering systems, avoiding uncertainty and minimising the potential negative consequences related to the purchase intention and enabling on-page product and consumer product experience comparisons. While this study is based on a small data sample, and represents a minor exploration into a niche market, it nonetheless provides a starting point for business practitioners who have the goal of increasing usability in an m-commerce context. © Henry Stewart Publications 2054-7544 (2022).","e-commerce; information systems success; m-commerce; online shopping; usability; user experience","","Article","Final","","Scopus","2-s2.0-85143632592"
"Wang T.; Meng X.; Feng H.","Wang, Tongzhen (59390041600); Meng, Xiangchen (60140367400); Feng, Haibei (60237777100)","59390041600; 60140367400; 60237777100","Research on Optimizing Product Display Effectiveness on E-Commerce Platforms Based on Computer Vision","2025","Advances in Transdisciplinary Engineering","75","","","24","33","0","10.3233/ATDE250759","https://www.scopus.com/pages/publications/105024658998?origin=resultslist","Computer vision has become a pivotal technology in enhancing e-commerce platforms by improving the visual presentation of products. This study proposes a comprehensive framework to address three major challenges: varying product image quality, limitations in classification accuracy, and the lack of dynamic layout adaptability. To tackle these issues, a convolutional neural network (CNN)-based image enhancement algorithm is developed to reduce noise, improve brightness, and restore structural details, significantly enhancing the visual appeal of product images. Additionally, a transformer-based classification model is introduced to achieve high accuracy in multi-class product categorization, leveraging self-attention mechanisms for robust feature extraction. Finally, an adaptive layout generation algorithm is designed to dynamically optimize product arrangements by integrating user interaction data, such as click-through rates and session durations, to boost user engagement. The proposed framework is evaluated on a large-scale dataset encompassing 50,000 product images and 100,000 user behavior records. Experimental results demonstrate that the image enhancement algorithm achieves substantial improvements in PSNR and SSIM, while the classification model outperforms traditional CNN-based baselines in accuracy and F1 score. Moreover, the adaptive layout generation algorithm increases click-through rates by 14.2% and extends session durations by 10.5%. These findings highlight the effectiveness and scalability of the proposed framework in optimizing product display strategies for e-commerce platforms, ultimately enhancing user experience and driving business success. © 2025 IOS Press.","Computer vision; dynamic layout optimization; image enhancement; product classification","Behavioral research; Classification (of information); Electronic commerce; Human computer interaction; Large datasets; User experience; User interfaces; Commerce platforms; Convolutional neural network; Dynamic layout; Dynamic layout optimization; E- commerces; Image enhancement algorithm; Layout optimization; Network-based; Product classification; Product images; Computer vision; Image enhancement","Conference paper","Final","All Open Access; Gold Open Access","Scopus","2-s2.0-105024658998"
"Helander M.G.; Khalid H.M.","Helander, Martin G (7006115013); Khalid, Halimahtun M (7006541272)","7006115013; 7006541272","Modeling the customer in electronic commerce","2000","Applied Ergonomics","31","6","","609","619","100","10.1016/S0003-6870(00)00035-1","https://www.scopus.com/pages/publications/0033692708?origin=resultslist","This paper reviews interface design of web pages for e-commerce. Different tasks in e-commerce are contrasted. A systems model is used to illustrate the information flow between three subsystems in e-commerce: store environment, customer, and web technology. A customer makes several decisions: to enter the store, to navigate, to purchase, to pay, and to keep the merchandize. This artificial environment must be designed so that it can support customer decision-making. To retain customers it must be pleasing and fun, and create a task with natural flow. Customers have different needs, competence and motivation, which affect decision-making. It may therefore be important to customize the design of the e-store environment. Future ergonomics research will have to investigate perceptual aspects, such as presentation of merchandize, and cognitive issues, such as product search and navigation, as well as decision making while considering various economic parameters. Five theories on e-commerce research are presented. (C) 2000 Elsevier Science Ltd.","Design principles; Electronic commerce; Usability; Web customer model","article; commercial phenomena; computer system; decision making; economics; electronics; ergonomics; information processing; Internet","Article","Final","","Scopus","2-s2.0-0033692708"
"Zhan L.; Ning K.","Zhan, Li (57361347400); Ning, Kai (57361474700)","57361347400; 57361474700","Minority Tourist Information Service and Sustainable Development of Tourism under the Background of Smart City","2021","Mobile Information Systems","2021","","6547186","","","13","10.1155/2021/6547186","https://www.scopus.com/pages/publications/85120534824?origin=resultslist","The continuous and in-depth development of smart technology has brought new development opportunities and challenges to the development of the tourism industry. This research mainly discusses the design of ethnic minority tourism information services and sustainable tourism development in the context of smart cities. The smart tourism public service application system must meet the three major requirements of different service objects. One is a smart service system aimed at satisfying tourists' travel information services. The second is to meet the needs of tourism companies for online marketing and e-commerce on the platform. The third is to provide a platform for the government to master travel information and supervise the travel market to realize e-government management. Therefore, the smart tourism application system includes three aspects: service, market, and management. The smart tourism service module is a module that the platform provides tourists with ""eating, accommodation, transportation, travel, shopping, and entertainment""tourism information inquiry and consulting services and also uses modern information technology to provide navigation, tour guide, and shopping guide services in tourism. The smart tourism marketing module is the corporate product display, image promotion, and platform sales services provided by the platform for tourism companies. The smart tourism management module provides tourism management departments with services for managing various types of tourism information on the platform, platform security operations, and emergency response systems. As an ethnic minority region, the total tourism revenue of M city in 2020 will reach 75.68 billion yuan, a year-on-year increase of 21.33%. This research will highlight the unique charm of ethnic minorities and help drive the economic development of one party. © 2021 Li Zhan and Kai Ning.","","Electronic commerce; Emergency services; Government data processing; Information management; Marketing; Smart city; Sustainable development; Application systems; Different services; Ethnic minorities; Public services; Services applications; Smart technology; Sustainable tourism development; Tourism industry; Tourism management; Travel information; Information services","Article","Final","All Open Access; Green Open Access; Hybrid Gold Open Access","Scopus","2-s2.0-85120534824"
"Rekha M.; Ramachandran R.; Bhuvan Chandra P.; Kalyaan Mahendar R.R.","Rekha, M. (36872389500); Ramachandran, R. (60517348300); Bhuvan Chandra, P. (60516953600); Kalyaan Mahendar, R.R. (60517348400)","36872389500; 60517348300; 60516953600; 60517348400","GenCartAI: Next-Generation E-Commerce Using RAG Model for Intelligent Chatbot","2025","2025 International Conference on Circuits, Controls and Communications, CCUBE 2025","","","","","","0","10.1109/CCUBE66458.2025.11340290","https://www.scopus.com/pages/publications/105033143651?origin=resultslist","GenCartAI' is an e-commerce platform with innovative interface designs intended to change how the user experience happens and the admin work with the power of Retrieval-Augmented Generation (RAG) models. The ecommerce platform's interface provides a highly personalized shopping experience to users, from the advanced natural language product search to tailored recommendations and realtime tracking of orders along with dynamic comparisons of products. On the management side, GenCartAI offers a whole toolkit for efficiently streamlining operational performance and decision making. admins can ensure smooth inventory management, access actionable sales insights, keep track of queries from customers, and analyze summarized feedback to further enhance the performance of the platform. The system also supports content updating and planning promotions, where businesses can swiftly adapt to market demands. GenCartAI thus provides complete integration of retrieval and generative AI, ensuring that the response offered is accurate, contextual, and smooth in interaction both for users and admins. Thus, it fills in the gaps that traditional e-commerce platforms lack between customer satisfaction and operational efficiency. GenCartAI is a new benchmark for scalable, intelligent e- commerce solutions, showing how advanced AI can turn online shopping into a dynamic and future-ready ecosystem designed to suit modern business needs. © 2025 IEEE.","AI powered; operational efficiency; personalised; Retrieval-Augmented Generation","Artificial intelligence; Benchmarking; Electronic commerce; Information systems; Inventory control; Sales; User experience; User interfaces; AI powered; Chatbots; Commerce platforms; E- commerces; Interface designs; Operational efficiencies; Personalized; Power; Retrieval-augmented generation; Users' experiences; Efficiency","Conference paper","Final","","Scopus","2-s2.0-105033143651"
"Duan H.; Zhai C.; Cheng J.; Gattani A.","Duan, Huizhong (25824956200); Zhai, Chengxiang (35232046000); Cheng, Jinxing (55953607900); Gattani, Abhishek (8583676000)","25824956200; 35232046000; 55953607900; 8583676000","A probabilistic mixture model for mining and analyzing product search log","2013","International Conference on Information and Knowledge Management, Proceedings","","","","2179","2188","27","10.1145/2505515.2505578","https://www.scopus.com/pages/publications/84889599023?origin=resultslist","The booming of e-commerce in recent years has led to the generation of large amounts of product search log data. Product search log is a unique new data with much valuable information and knowledge about user preferences over product attributes that is often hard to obtain from other sources. While regular search logs (e.g., Web search logs) contain click-throughs for unstructured text documents (e.g., web pages), product search logs contain clickth-roughs for structured entities defined by a set of attributes and their values. For instance, a laptop can be defined by its size, color, cpu, ram, etc. Such structures in product entities offer us opportunities to mine and discover detailed useful knowledge about user preferences at the attribute level, but they also raise significant challenges for mining due to the lack of attribute-level observations. In this paper, we propose a novel probabilistic mixture model for attribute-level analysis of product search logs. The model is based on a generative process where queries are generated by a mixture of unigram language models defined by each attribute-value pair of a clicked entity. The model can be efficiently estimated using the Expectation- Maximization (EM) algorithm. The estimated parameters, including the attribute-value language models and attribute-value preference models, can be directly used to improve product search accuracy, or aggregated to reveal knowledge for understanding user intent and supporting business intelligence. Evaluation of the proposed model on a commercial product search log shows that the model is effective for mining and analyzing product search logs to discover various kinds of useful knowledge. Copyright 2013 ACM.","Probabilistic mixture model; Product search; Search log mining","Algorithms; Computational linguistics; Knowledge management; Management science; User interfaces; Websites; Attribute-value pairs; Commercial products; Estimated parameter; Expectation - maximizations; Probabilistic mixture models; Product search; Search log minings; Unstructured texts; Mixtures","Conference paper","Final","","Scopus","2-s2.0-84889599023"
"Isyanbaev N.; Makarov I.","Isyanbaev, Nagim (60193584300); Makarov, Ilya (60194311400)","60193584300; 60194311400","Search Swarm: Multiagent Large Language Models Framework for E-commerce Product Search","2025","IJCAI International Joint Conference on Artificial Intelligence","","","","11062","11066","0","10.24963/ijcai.2025/1263","https://www.scopus.com/pages/publications/105021805110?origin=resultslist","Search engines are vital for online e-commerce but often struggle with long, detailed queries. We introduce Search Swarm, a novel multi-agent system designed to improve search engine navigation on platforms like Amazon by accurately locating relevant products based on user instructions. Search Swarm employs multiple large language model (LLM) agents, each with a specific role: query planner, searcher, critic, and attribute selector. These agents collaborate to generate search queries, evaluate results, and identify the best product options tailored to users' needs. Our framework outperforms existing methods like ReAct and Reflexion in the WebShop environment, achieving a reward score of 62.64, compared to scores of 54.1, 59.8, 61.5, and 58.2 for other approaches. Furthermore, in a comparison with a basic rule-based method on Amazon, Search Swarm achieved a score 38.71 points higher and a 41% greater success rate, demonstrating its superior ability to provide relevant product matches over traditional search engines. © 2025 International Joint Conferences on Artificial Intelligence. All rights reserved.","","Electronic commerce; Intelligent agents; Query languages; Query processing; Search engines; Structured Query Language; Basic rules; E- commerces; Language model; Model agents; Modelling framework; Multi agent; Multiagent systems (MASs); Rule-based method; Search queries; User need; Multi agent systems","Conference paper","Final","","Scopus","2-s2.0-105021805110"
"Singh A.; Bothra V.; Sen A.; Chakraborty D.","Singh, Amrit (60094851300); Bothra, Vansh (60094482000); Sen, Anirban (57194042879); Chakraborty, Dipanjan (7102946987)","60094851300; 60094482000; 57194042879; 7102946987","Navigating the Digital Marketplace: Understanding the E-Commerce Adoption Journey of Emergent Users in India","2025","Proceedings of the ACM on Human-Computer Interaction","9","5","MHCI022","","","2","10.1145/3743728","https://www.scopus.com/pages/publications/105015449909?origin=resultslist","Despite rapid mobile and Internet penetration in India, e-commerce adoption remains slow among emergent users. In this paper, we conduct a mixed-method study involving a two-phase user study and an analysis of app reviews posted on app stores. The findings reveal that emergent users often replicate offline shopping behaviours in digital contexts, struggle with product search and filtering, and prefer cash-on-delivery due to distrust in online payments. Many users misinterpret rating systems and lack confidence in post-purchase processes, further deterring adoption. Our research underscores the need for intuitive design, clearer communication of platform features, and trust-building mechanisms to enhance user engagement with e-commerce. We propose design recommendations to make e-commerce platforms more accessible, addressing the specific needs of this user group. © 2025 Copyright held by the owner/author(s)","E-commerce; emergent users; mobile applications; usability study; user experience","Human computer interaction; Human engineering; Information systems; Information use; Mobile applications; Mobile computing; Online systems; Purchasing; User experience; User interfaces; Digital marketplace; E- commerces; E-commerce adoption; Emergent user; Mixed method; Mobile applications; Two phase; Usability studies; User study; Users' experiences; Mobile commerce","Article","Final","All Open Access; Hybrid Gold Open Access","Scopus","2-s2.0-105015449909"
"Vandic D.; Nederstigt L.J.; Frasincar F.; Kaymak U.; Ido E.","Vandic, Damir (36667552000); Nederstigt, Lennart J. (55237005400); Frasincar, Flavius (55885142300); Kaymak, Uzay (7004385524); Ido, Enzo (58297289900)","36667552000; 55237005400; 55885142300; 7004385524; 58297289900","A framework for approximate product search using faceted navigation and user preference ranking","2024","Data and Knowledge Engineering","149","","102241","","","6","10.1016/j.datak.2023.102241","https://www.scopus.com/pages/publications/85178133225?origin=resultslist","One of the problems that e-commerce users face is that the desired products are sometimes not available and Web shops fail to provide similar products due to their exclusive reliance on Boolean faceted search. User preferences are also often not taken into account. In order to address these problems, we present a novel framework specifically geared towards approximate faceted search within the product catalog of a Web shop. It is based on adaptations to the p-norm extended Boolean model, to account for the domain-specific characteristics of faceted search in an e-commerce environment. These e-commerce specific characteristics are, for example, the use of quantitative properties and the presence of user preferences. Our approach explores the concept of facet similarity functions in order to better match products to queries. In addition, the user preferences are used to assign importance weights to the query terms. Using a large-scale experimental setup based on real-world data, we conclude that the proposed algorithm outperforms the considered benchmark algorithms. Last, we have performed a user-based study in which we found that users who use our approach find more relevant products with less effort. © 2023","Approximate product search; Faceted navigation; User preferences","Approximate product search; E- commerces; Extended Boolean model; Faceted navigation; Faceted search; Navigation preference; Preference ranking; Product catalogs; User's preferences; Web shop; Electronic commerce","Article","Final","All Open Access; Green Open Access; Hybrid Gold Open Access","Scopus","2-s2.0-85178133225"
