"Espacenet";"";"";"";"";"";"";"";"";
"Patent search";"";"";"";"";"";"";"";"";
"21 844 results found for (nftxt = ""e-commerce"" OR nftxt = ""online ordering"" OR nftxt = ""digital marketplace"") AND (nftxt = ""product search"" OR nftxt = ""recommendation"" OR nftxt = ""personalization"" OR nftxt = ""shopping cart"" OR nftxt = ""checkout"" OR nftxt = ""order management"" OR nftxt = ""mobile ordering"")";"";"";"";"";"";"";"";"";
"null";"";"";"";"";"";"";"";"";
"Query language: en / de / fr";"";"";"";"";"";"";"";"";
"Sort by: Relevance";"";"";"";"";"";"";"";"";
"Filters: Earliest publication date (family): 2022-01-01 To 2026-12-31";"";"";"";"";"";"";"";"";
"No";"Title";"Inventors";"Applicants";"Publication number";"Earliest priority";"IPC";"CPC";"Publication date";"Earliest publication";"Family number";
"1";"E-commerce information sharing system";"LI HUIJUAN";"YIWU LUGANG E COMMERCE PARK CO LTD";"CN119671008A";"2023-09-20";"G06F21/31 
G06F21/62 
G06Q10/06 
G06Q30/0601";"";"2025-03-21";"2025-03-21";"094984646";
"2";"AN E-COMMERCE DIGITAL MARKETPLACE SHOPPING SYSTEM";"DUARTE VALENTE NUNO FILIPE [PT]";"GURIPEDIL UNIPESSOAL LDA [PT]";"EP4704017A1";"2024-09-03";"G06F16/783 
G06Q30/0241 
G06Q30/0251 
G06Q30/0601 
H04N21/234 
H04N21/254 
H04N21/81";"G06Q30/0257 (EP) 
G06Q30/0271 (EP) 
G06Q30/0277 (EP) 
G06Q30/0631 (EP) 
H04N21/23418 (EP) 
H04N21/251 (EP) 
H04N21/2542 (EP) 
H04N21/25891 (EP) 
H04N21/812 (EP)";"2026-03-04";"2026-03-04";"098692844";
"3";"E-commerce platform search recommendation and intelligent secretary integrated system";"LIN PAN";"SHENZHEN WOLE TRADING CO LTD";"CN119168751A";"2024-09-23";"G06F16/9032 
G06F16/9535 
G06Q30/0201 
G06Q30/0601";"G06F16/90332 (CN) 
G06F16/9535 (CN) 
G06Q30/0201 (CN) 
G06Q30/0625 (CN) 
G06Q30/0631 (CN)";"2024-12-20";"2024-12-20";"093880490";
"4";"E-commerce real-time recommendation method and device";"QIAO PU 
ZHANG HONGCUN";"INSPUR SMART SUPPLY CHAIN TECH SHANDONG CO LTD";"CN119963290A";"2025-01-14";"G06F16/17 
G06F16/18 
G06Q30/0601";"Y02D10/00 (EP)";"2025-05-09";"2025-05-09";"095587161";
"5";"E-commerce recommendation method without subjective consciousness";"WANG WENBIN 
SHA TAO";"EXCLUSIVE INTELLIGENT TECH SUZHOU LIMITED COMPANY";"CN114282972A";"2021-12-24";"G06Q30/06";"";"2022-04-05";"2022-04-05";"080875138";
"6";"Electronic commerce data processing method and system";"FENG TIANSHU 
YIN QIANG 
LI MUHONG";"JILIN COMMUNICATIONS POLYTECHNIC";"CN120471650A 
CN120471650B";"2025-07-11";"G06F16/9535 
G06F18/22 
G06F18/241 
G06Q30/0201 
G06Q30/0251 
G06Q30/0601";"";"2025-08-12 
2025-09-05";"2025-08-12";"096642841";
"7";"E-commerce data monitoring and order management method and system";"WANG BINGCHEN 
YIN ZHENGYIN 
ZHANG YUN";"WANG BINGCHEN";"CN118608229A";"2024-05-24";"G06Q30/0202 
G06Q30/0601";"G06Q30/0202 (CN) 
G06Q30/0635 (CN)";"2024-09-06";"2024-09-06";"092547144";
"8";"Sales system based on rural e-commerce platform";"SHAN FENFEN 
XIE ZUOPIN 
ZHOU MEILIN 
CHEN MENGHUI 
CUI WENJUAN 
FU HAO";"ZHEJIANG HUIZHONG GEOGRAPHIC INFORMATION TECH CO LTD";"CN119784461A 
CN119784461B";"2024-11-26";"G06F21/60 
G06Q10/083 
G06Q30/015 
G06Q30/0601";"";"2025-04-08 
2025-11-25";"2025-04-08";"095247559";
"9";"Digitized automatic marketing method and system based on big data";"WU KAI";"SHANGHAI LIUHAN NETWORK TECH CO LTD";"CN114493713A";"2022-01-30";"G06Q30/02 
G06Q30/06";"G06Q30/0202 (CN) 
G06Q30/0631 (CN)";"2022-05-13";"2022-05-13";"081478481";
"10";"ELECTRONIC SHOPPING CART PREDICTION AND CACHING OF ELECTRONIC SHOPPING CART COMPUTATIONS";"SAAD MICHELE [US] 
MINIAILO IGOR [US]";"ADOBE INC [US]";"US11935085B1 
US2024078572A1";"2022-09-06";"G06Q30/06 
G06Q30/02 
G06Q30/0207 
G06Q30/0601";"G06F16/9535 (CN) 
G06F16/9574 (CN) 
G06Q30/0222 (EP,US) 
G06Q30/0625 (EP,US) 
G06Q30/0631 (EP,CN) 
G06Q30/0633 (EP) 
G06Q30/0641 (EP)";"2024-03-07 
2024-03-19";"2024-03-07";"089905400";
"11";"Method and system for providing e-commerce service by using cooperative service shopping cart";"YUN JU-HYUN";"BLINK CO LTD";"CN115204962A";"2021-04-14";"G06Q10/08 
G06Q30/06";"G06Q10/083 (CN) 
G06Q20/12 (EP,US) 
G06Q30/0605 (EP,US) 
G06Q30/0633 (EP,US) 
G06Q30/0637 (CN) 
G06Q30/0641 (CN)";"2022-10-18";"2022-04-04";"081182675";
"12";"E-commerce platform based on Internet";"XIANG HONGYU";"XIANG HONGYU";"CN116977017A";"2023-06-28";"G06Q10/101 
G06Q30/0601 
G06T19/20";"";"2023-10-31";"2023-10-31";"088475870";
"13";"E-commerce platform data analysis system";"OUYANG CHUN";"WUHAN TECHNICAL COLLEGE COMMUNICATIONS";"CN115204982A";"2022-07-22";"G06F17/18 
G06Q30/06";"G06F17/18 (CN) 
G06Q30/0631 (CN) 
G06Q30/0643 (CN)";"2022-10-18";"2022-10-18";"083583755";
"14";"KEYWORD-BASED RECOMMENDATION METHOD AND APPARATUS THEREOF IN E-COMMERCE";"PARK JUN GYU [KR]";"PARK JUN GYU [KR]";"KR20230105779A";"2022-01-05";"G06F16/901 
G06F16/9032 
G06F16/9038 
G06F16/9535 
G06Q30/02 
G06Q30/06";"G06F16/901 (KR) 
G06F16/90328 (KR) 
G06F16/90332 (KR) 
G06F16/9038 (KR) 
G06F16/9535 (KR) 
G06Q30/0282 (KR) 
G06Q30/0631 (KR) 
G06Q30/0633 (KR)";"2023-07-12";"2023-07-12";"087163659";
"15";"INTERACTIVE CHECKOUT SYSTEMS AND METHODS";"GYURE AARON S [US]";"KWIKKART CORP [US]";"US2025232280A1";"2024-01-13";"G01G19/52 
G06Q20/18 
G06Q20/20 
G06Q30/0601";"G01G19/52 (EP,US) 
G06Q20/18 (US) 
G06Q20/208 (US) 
G06Q30/0633 (EP,US) 
G07G1/0072 (EP)";"2025-07-17";"2025-07-17";"096348749";
"16";"E-commerce information rapid retrieval method";"LIU JINYANG 
ZHOU JIE 
XIE FENGJIAO";"SHENZHEN CHONGZHENG IND CO LTD";"CN120086425A 
CN120086425B";"2025-04-29";"G06F16/951 
G06F16/9535 
G06F18/213 
G06F18/25 
G06N5/04 
G06Q30/0601";"G06F16/951 (CN) 
G06F16/9535 (CN) 
G06F18/213 (CN) 
G06F18/253 (CN) 
G06N5/04 (CN) 
G06Q30/0631 (CN) 
Y02D10/00 (EP)";"2025-06-03 
2025-07-04";"2025-06-03";"095845545";
"17";"Recommendation algorithm design based on big data in e-commerce platform";"LI ZHICHAO";"HUBEI OUYIN NETWORK TECH CO LTD";"CN119398866A";"2024-10-16";"G06F16/906 
G06F16/9535 
G06F16/9537 
G06F18/10 
G06F18/23 
G06F18/24 
G06N3/0464 
G06N3/088 
G06Q30/0601";"G06F16/906 (CN) 
G06F16/9535 (CN) 
G06F16/9537 (CN) 
G06F18/10 (CN) 
G06F18/23 (CN) 
G06F18/24 (CN) 
G06N3/0464 (CN) 
G06N3/088 (CN) 
G06Q30/0631 (CN)";"2025-02-07";"2025-02-07";"094423414";
"18";"METHOD, APPARATUS, AND RECORDING MEDIUM FOR PROCESSING DATA RELATED TO E-COMMERCE SERVICE";"CHANG CATHERINE [KR] 
KIM KIREE [KR]";"COUPANG CORP [KR]";"WO2025070872A1";"2023-09-25";"G06Q10/08 
G06Q50/10";"G06Q10/08 (EP) 
G06Q10/0832 (KR) 
G06Q10/0833 (KR) 
G06Q10/0838 (KR) 
G06Q50/10 (EP,KR)";"2025-04-03";"2025-04-01";"095203970";
"19";"User feature extraction method of e-commerce recommendation model";"LIU HUIZHU 
ZHOU YUSHENG 
JIAN SITAO";"SHANGHAI YOUSHI ENTERPRISE MAN CONSULTING CO LTD";"CN119168734A";"2024-08-28";"G06F18/213 
G06Q30/0601 
G06T11/20";"G06F18/213 (CN) 
G06Q30/0631 (CN) 
G06Q30/0635 (CN) 
G06T11/26 (CN)";"2024-12-20";"2024-12-20";"093886193";
"20";"Dish recommendation method and electronic equipment";"CHEN XUNJIAN 
LI CHEN 
ZHANG CHU 
DONG CHE 
WANG QINGYU";"BEIJING SANKUAI ONLINE TECH CO LTD";"CN120707242A";"2025-06-17";"G06Q30/0601 
G06Q50/12";"G06Q30/0631 (CN) 
G06Q50/12 (CN)";"2025-09-26";"2025-09-26";"097118387";
"21";"Service management system for cross-border e-commerce";"LIAO FENGQING 
LIU XIAOPING";"QUANZHOU WINGWU SCIENCE AND TECH LIMITED COMPANY";"CN114693252A";"2022-03-16";"G06F16/2457 
G06Q10/08 
G06Q10/10 
G06Q30/06";"G06F16/2457 (CN) 
G06Q10/087 (CN) 
G06Q10/103 (CN) 
G06Q30/0605 (CN) 
G06Q30/0631 (CN) 
G06Q30/0635 (CN)";"2022-07-01";"2022-07-01";"082139407";
"22";"E-commerce session recommendation method, system and device based on multi-behavior feature fusion and medium";"LU GUANMING 
DING JIAWEI 
BAO BINGKUN 
YU PENGHANG";"UNIV NANJING POSTS & TELECOMMUNICATIONS";"CN115659277A 
CN115659277B";"2022-10-21";"G06F18/22 
G06F18/25 
G06N3/04 
G06N3/08 
G06Q30/06";"";"2023-01-31 
2025-07-22";"2023-01-31";"084988606";
"23";"Ein System für personalisierte Produktempfehlungen unter Verwendung von AI/ML APIs in einer E-Commerce-Plattform";"";"CHINTADRIPET DILLIBATCHA SUHASAN [US]";"DE202025101613U1";"2025-03-25";"G06Q30/0251 
G06Q30/06";"G06Q30/0271 (EP) 
G06Q30/0631 (EP) 
G06Q2220/00 (EP)";"2025-04-03";"2025-04-03";"095481028";
"24";"E-commerce transaction recommendation method based on big data";"HUANG HUA";"NANTONG YONGJING INFORMATION TECH CO LTD";"CN121437098A";"2025-11-06";"G06F16/2457 
G06F16/9535 
G06F16/9536 
G06F18/15 
G06F18/21 
G06F18/211 
G06F18/214 
G06F18/2433 
G06F18/25 
G06Q30/0601";"G06F16/24575 (CN) 
G06F16/24578 (CN) 
G06F16/9535 (CN) 
G06F16/9536 (CN) 
G06F18/15 (CN) 
G06F18/211 (CN) 
G06F18/214 (CN) 
G06F18/217 (CN) 
G06F18/2433 (CN) 
G06F18/259 (CN) 
G06Q30/0631 (CN)";"2026-01-30";"2026-01-30";"098541020";
"25";"Commodity category recommendation management system based on e-commerce applet";"LI ZHICHAO";"HUBEI OUYIN NETWORK TECH CO LTD";"CN119107114A";"2024-09-06";"G06Q30/0201 
G06Q30/0601";"G06Q30/0201 (CN) 
G06Q30/0631 (CN)";"2024-12-10";"2024-12-10";"093717097";
"26";"E-commerce platform commodity recommendation method and system based on big data";"ZHENG CHUANGXIN";"GUANGZHOU BIGCASE NETWORK TECH CO LTD 
SHENZHEN BIGCASE NETWORK TECH CO LTD";"CN118365431A 
CN118365431B";"2024-06-19";"G06F40/284 
G06N3/0499 
G06Q10/087 
G06Q30/0202 
G06Q30/0601 
G06V20/60";"G06F40/284 (CN) 
G06N3/0499 (CN) 
G06Q10/087 (CN) 
G06Q30/0202 (CN) 
G06Q30/0631 (CN) 
G06V20/60 (CN)";"2024-07-19 
2024-10-11";"2024-07-19";"091884177";
"27";"Ein System zur 3D-Visualisierung im E-Commerce und seine Auswirkungen auf Kundenbindung und Konversionsraten";"";"GOVINDARAJU MAHESWARI [US]";"DE202025101279U1";"2025-03-11";"G06Q30/0601 
G06T19/00";"G06Q10/40 (EP) 
G06Q30/0185 (EP) 
G06Q30/0609 (EP) 
G06Q30/0621 (EP) 
G06Q30/0623 (EP) 
G06Q30/0643 (EP) 
G06Q2220/00 (EP)";"2025-03-28";"2025-03-28";"095399823";
"28";"ERP shopping mall system based on minimum to-be-sold unit";"LIU XIN";"SHANDONG INSPUR SCIENCE RESEARCH INSTITUTE CO LTD";"CN115358811A 
CN115358811B";"2022-08-01";"G06Q30/02 
G06Q30/06 
G06Q30/0283 
G06Q30/0601";"G06Q30/0283 (CN) 
G06Q30/0635 (CN)";"2022-11-18 
2026-01-16";"2022-11-18";"084032723";
"29";"Hierarchical data display method and system based on e-commerce platform";"LAN FUMIN 
TANG ZHONGLIANG 
RAN YUAN";"SHANDONG TIANCHI INFORMATION TECH CO LTD";"CN118967182A 
CN118967182B";"2024-07-15";"G06F3/01 
G06N3/0464 
G06N3/08 
G06Q20/38 
G06Q30/0201 
G06Q30/0202 
G06Q30/0601";"G06F3/013 (CN) 
G06N3/0464 (CN) 
G06N3/08 (CN) 
G06Q20/382 (CN) 
G06Q30/0201 (CN) 
G06Q30/0202 (CN) 
G06Q30/0623 (CN) 
G06Q30/0631 (CN) 
G06Q30/0641 (CN) 
Y02D10/00 (EP)";"2024-11-15 
2025-07-22";"2024-11-15";"093390102";
"30";"Mobile shopping mall system based on online shopping";"LI HAOSEN";"HANGZHOU JINGCHI TECH CO LTD";"CN118212026A";"2024-02-19";"G06F16/25 
G06F21/60 
G06Q20/08 
G06Q30/0601";"G06F16/252 (CN) 
G06F21/602 (CN) 
G06Q20/0855 (CN) 
G06Q30/0631 (CN) 
G06Q30/0641 (CN)";"2024-06-18";"2024-06-18";"091446767";
"31";"AUTOMATED DELIVERY COORDINATION AND MEETING SCHEDULING FOR MULTIPLE-RECIPIENT ORDERS RECEIVED AT A COMPUTER SYSTEM";"HULUGUNDI JAGADESH RAMASWAMY [IN] 
NAGAR RAGHUVEER PRASAD [IN] 
SHIVALINGAPPA MADHU KUMAR [IN] 
SAMPATHKUMAR NALINI [IN]";"IBM [US]";"US12093883B2 
US2023289713A1";"2022-03-10";"G06Q10/08 
G06Q30/06 
G06Q10/0836 
G06Q30/0601";"G06Q10/0836 (EP,US) 
G06Q10/1093 (EP) 
G06Q30/0635 (EP,US) 
G06Q30/0641 (EP,US)";"2023-09-14 
2024-09-17";"2023-09-14";"087932003";
"32";"E-commerce agricultural product intelligent recommendation method and system";"HUANG WENQUN 
LIU JUEQIANG 
XIAO SHIFEI 
CHEN YANG 
YANG JIN 
WEN TING 
HE BOBO 
ZHOU QIANG 
HUANG HUI 
LIU JUHUA 
LIU JIAYI 
ZHAO LUQIN 
SHANG XIANCHUN";"JIAN COLLEGE 
JIAN QUEYOU AGRICULTURAL DEV CO LTD";"CN120634674A";"2025-05-30";"G06F16/9535 
G06Q30/0601 
G06Q50/02";"G06F16/9535 (CN) 
G06Q30/0631 (CN) 
G06Q50/02 (CN)";"2025-09-12";"2025-09-12";"096959738";
"33";"Cross-platform e-commerce data integration and analysis system and method based on AI";"LI QIANG 
CHEN ZHEN";"SHANGHAI LANGHUI HUIKE TECH CO LTD 
HUAIBEI LANGHUI DIGITAL TECH CO LTD";"CN119850297A 
CN119850297B";"2024-12-26";"G06F16/9535 
G06Q30/0201 
G06Q30/0601";"G06F16/9535 (CN) 
G06Q30/0201 (CN) 
G06Q30/0631 (CN)";"2025-04-18 
2025-11-14";"2025-04-18";"095355750";
"34";"System and method for advertisement space recommendation and a checkout process for an e-commerce platform";"SENTHIL KUMAR N [US]";"SENTHIL KUMAR N [US]";"US11551258B1";"2021-05-12";"G06F16/9535 
G06F16/955 
G06F9/54 
G06Q10/08 
G06Q30/00 
G06Q30/02 
G06Q30/06 
G06Q50/00 
G09F9/30";"G06F16/9535 (US) 
G06F16/9566 (EP,US) 
G06F9/547 (US) 
G06Q10/08 (EP) 
G06Q10/087 (EP,US) 
G06Q10/40 (EP,US) 
G06Q30/0201 (US) 
G06Q30/0242 (EP) 
G06Q30/0246 (US) 
G06Q30/0249 (US) 
G06Q30/0253 (US) 
G06Q30/0275 (EP,US) 
G06Q30/0277 (EP,US) 
G06Q30/0601 (EP) 
G06Q30/0633 (US) 
G09F9/30 (US)";"2023-01-10";"2022-11-17";"084027782";
"35";"Cross-tenant order combination processing method, cross-border e-commerce platform and electronic equipment";"WANG JUN 
MAI HAO 
XU YUYUN 
WU WEI 
PENG ZIRAN";"HANGZHOU ALIBABA OVERSEAS INTERNET IND CO LTD";"CN120410662A";"2025-03-17";"G06Q10/0831 
G06Q30/0601 
G06Q30/0645";"G06Q10/0831 (CN) 
G06Q30/0635 (CN) 
G06Q30/0641 (CN) 
G06Q30/0645 (CN)";"2025-08-01";"2025-08-01";"096521725";
"36";"E-commerce sales intelligent information recommendation system";"FENG LILEI 
WAN DAYIN";"NANTONG YUNSHANGZHAO HOME TEXTILE E COMMERCE CO LTD";"CN120387868A 
CN120387868B";"2024-11-04";"G06F16/9535 
G06F16/9537 
G06Q30/0601";"G06F16/9535 (CN) 
G06F16/9537 (CN) 
G06Q30/0625 (CN) 
G06Q30/0631 (CN) 
G06Q30/0639 (CN)";"2025-07-29 
2025-12-30";"2024-12-03";"093631840";
"37";"SYSTEM AND METHOD FOR PROVIDING E-COMMERCE CUSTOMER PERSONALIZATION SERVICE";"LEE HAK IM [KR] 
KIM NA IM";"LEE HAK IM [KR]";"KR20230068764A";"2021-11-11";"G06Q30/02 
G06Q30/06";"G06Q30/0203 (KR) 
G06Q30/0222 (KR) 
G06Q30/0609 (KR) 
G06Q30/0631 (KR)";"2023-05-18";"2023-05-18";"086545383";
"38";"Materialization of a shopping cart at an instant messaging platform";"TURNER COLIN DOUGLAS [US] 
ROMANO EVAN ANDREW [US] 
PERRY NICOLE MARIE [US] 
FOX JOHN BAROTT [US] 
KILLEA NATHAN PATRICK [US] 
SULLIVAN MARK ROBERT [US] 
BHATIA ROHAN [CA] 
LACHO DAVID DENNISON [CA] 
REIFF TYLER JAMESON [US] 
SEIBEL ALEXANDER NATHAN [US] 
DINNING STEADMAN STONESS [CA] 
ROMANO OWEN DAVID [CA]";"STODGE INC [US]";"US11887178B1";"2023-02-28";"G06Q30/00 
G06Q30/0601 
H04L51/046";"G06Q30/0631 (EP) 
G06Q30/0633 (EP,US) 
G06Q30/0641 (EP) 
G06Q30/0643 (EP) 
H04L51/046 (EP,US) 
H04L51/04 (EP) 
H04L51/58 (EP)";"2024-01-30";"2024-01-30";"089666168";
"39";"Traditional Chinese medicine decoction piece e-commerce commodity recommendation method and device, equipment and storage medium";"SUN XU";"QUANDOU DIGITAL TECH CO LTD";"CN116071132A";"2023-02-28";"G06Q30/0601";"G06Q30/0631 (CN)";"2023-05-05";"2023-05-05";"086180183";
"40";"Multi-platform e-commerce system data real-time synchronization method, system and device and storage medium";"LAO WEIMING 
ZHAO LIFENG 
LEE JIN-KYUNG";"NANJING LEYUNRUI INFORMATION TECH CO LTD";"CN121501897A";"2025-11-21";"G06F16/23 
G06F16/27 
G06Q10/0875 
G06Q30/0601";"G06F16/2358 (CN) 
G06F16/2365 (CN) 
G06F16/275 (CN) 
G06Q10/0875 (CN) 
G06Q30/0601 (CN) 
G06Q30/0631 (CN) 
G06Q30/0635 (CN)";"2026-02-10";"2026-02-10";"098673606";
"41";"System and Methods for Creating E-Commerce Virtual Experiences And Integrating Graphical User Interfaces";"SHOLL SANDRA [US] 
KONG BAILEY [US] 
RODRIGUEZ ALEXANDER [US] 
SHEU ROGER [US] 
FREEDE ADAM [US] 
CANFIELD DAVE [US] 
MAGNER LARKIN [US] 
CAREY SPENCER [US]";"ZELIG TECH LLC [US]";"US2025191055A1";"2022-07-01";"G06Q30/0601 
G06T11/60 
G06T3/18";"G06Q30/0633 (EP,US) 
G06Q30/0643 (EP,US) 
G06T11/60 (EP,US) 
G06T3/18 (EP,US) 
G06V10/26 (EP) 
G06V10/454 (EP) 
G06V10/751 (EP) 
G06V10/82 (EP) 
G06V20/20 (EP) 
G06V40/103 (EP) 
G06T2200/24 (US) 
G06T2210/16 (US)";"2025-06-12";"2025-06-12";"095940233";
"42";"SYSTEM AND METHOD FOR STREAMLINING A CHECKOUT PROCESS OF E-COMMERCE WEBSITES";"SENTHIL KUMAR N [US]";"SENTHIL KUMAR N [US]";"US11532023B2 
US2022270147A1";"2021-02-24";"G06F16/951 
G06F16/9532 
G06F9/451 
G06F9/54 
G06Q30/06 
G06Q20/12";"G06F16/951 (EP,US) 
G06F16/9532 (US) 
G06F9/451 (EP,US) 
G06F9/547 (US) 
G06Q20/12 (EP) 
G06Q30/0613 (EP,US) 
G06Q30/0633 (EP,US) 
G06Q30/0641 (EP,US) 
G06Q20/12 (US)";"2022-08-25 
2022-12-20";"2022-08-25";"082900158";
"43";"SYSTEM AND METHODS FOR CREATING E-COMMERCE VIRTUAL EXPERIENCES AND INTEGRATING GRAPHICAL USER INTERFACES";"SHOLL SANDRA [US] 
KONG BAILEY [US] 
RODRIGUEZ ALEXANDER [US] 
SHEU ROGER [US] 
FREEDE ADAM [US] 
CANFIELD DAVE [US] 
MAGNER LARKIN [US] 
CAREY SPENCER [US]";"ZELIG TECH LLC [US]";"WO2025175317A1";"2024-02-16";"G06Q30/0601";"G06Q30/0621 (EP) 
G06Q30/0623 (EP) 
G06Q30/0631 (EP) 
G06Q30/06333 (EP) 
G06Q30/0635 (EP) 
G06Q30/0641 (EP)";"2025-08-21";"2025-08-21";"096773611";
"44";"Shopping mall operation management platform and method based on AI";"CAI BINBIN 
JIANG LIMIN 
LI JIAMING 
MEI JIE 
ZHANG ZEHAN";"FUQING YIDAO DAKA INFORMATION TECH CO LTD";"CN121235790A";"2025-09-17";"G06F16/3329 
G06F16/334 
G06Q10/0631 
G06Q30/0601";"";"2025-12-30";"2025-12-30";"098144336";
"45";"Customer analysis system for cross-border e-commerce platform";"HE JIEZHONG 
XU XIAOFENG 
GUI YIMING";"SHENZHEN UEB TECH CO LTD";"CN118195744A 
CN118195744B";"2024-05-14";"G06F16/901 
G06F16/906 
G06Q30/0201 
G06Q30/0601";"G06F16/9027 (CN) 
G06F16/906 (CN) 
G06Q30/0201 (CN) 
G06Q30/0631 (CN)";"2024-06-14 
2024-07-05";"2024-06-14";"091400511";
"46";"Product sales intelligent recommendation method and system for e-commerce platform";"ZHAO JUN";"ANHUI EASY BUSINESS DIGITAL TECH CO LTD";"CN115760275A";"2022-10-31";"G06F16/9535 
G06F16/9536 
G06Q30/0601";"Y02D10/00 (EP)";"2023-03-07";"2023-03-07";"085356069";
"47";"Intelligent recommendation method and system for e-commerce platform products";"XIA MAN 
CUI ZHONGLIANG";"GUANGXI VOCATIONAL & TECHNICAL COLLEGE";"CN113935812A";"2021-10-29";"G06F16/906 
G06F16/9535 
G06Q30/02 
G06Q30/06";"G06F16/906 (CN) 
G06F16/9535 (CN) 
G06Q30/0271 (CN) 
G06Q30/0277 (CN) 
G06Q30/0605 (CN) 
G06Q30/0631 (CN)";"2022-01-14";"2022-01-14";"079284754";
"48";"Multi-behavior e-commerce platform recommendation method based on collaborative comparative learning";"YANG XUHUA 
CHEN MENG'ANG 
MA GANGFENG";"UNIV ZHEJIANG TECHNOLOGY";"CN119941360A 
CN119941360B";"2025-01-23";"G06F18/22 
G06N3/042 
G06N3/045 
G06N3/0464 
G06N3/047 
G06N3/0895 
G06Q30/0601";"";"2025-05-06 
2025-09-16";"2025-05-06";"095545245";
"49";"Localized e-commerce purchasing management system deployed by private cloud";"LUO YUE";"SHANGHAI SUHEHUI TECH SERVICE CO LTD";"CN117876073A";"2024-01-18";"G06Q10/087 
G06Q30/0601";"G06Q10/087 (CN) 
G06Q30/0601 (CN) 
G06Q30/0605 (CN)";"2024-04-12";"2024-04-12";"090588172";
"50";"E-commerce shop recommendation method based on probability statistics";"JIA CHENGHAN";"CHINA CHANGFENG SCIENCE TECHNOLOGY IND GROUP CORP";"CN115983931A";"2021-10-14";"G06Q30/0601";"Y02D10/00 (EP)";"2023-04-18";"2023-04-18";"085960636";
"51";"Multi-user mall system mobile e-commerce service platform";"QIN CHANGYUAN 
SUN WEI 
WANG XIAOTIAN 
CAO YUAN 
QIN BENSHENG";"DUT ARTIFICIAL INTELLIGENCE INST DALIAN";"CN120256147A";"2025-06-06";"G06F40/30 
G06F9/50 
G06Q30/0601";"G06F40/30 (CN) 
G06F9/5088 (CN) 
G06Q30/0631 (CN)";"2025-07-04";"2025-07-04";"096181892";
"52";"E-commerce commodity search recommendation method and device, electronic equipment and storage medium";"CHEN BING 
WANG CAN 
LI YUEXIAN 
XIN MIAOMIAO 
LI QI 
XU KAI";"QINGDAO CHENGYUN DIGITAL TECH CO LTD";"CN118657590A 
CN118657590B";"2024-08-19";"G06F16/2457 
G06F40/30 
G06N3/0442 
G06Q30/0207 
G06Q30/0601";"G06F16/2457 (CN) 
G06F40/30 (CN) 
G06N3/0442 (CN) 
G06Q30/0222 (CN) 
G06Q30/0631 (CN) 
Y02D10/00 (EP)";"2024-09-17 
2025-01-24";"2024-09-17";"092702164";
"53";"User preference analysis system based on shopping cart data";"YING XIAODONG 
WANG JIAN 
ZHOU HONGYANG";"HANGZHOU LUPIN CULTURE ORIGINALITY CO LTD";"CN121073598A";"2025-08-28";"G06F18/25 
G06N3/045 
G06Q30/0201 
G06Q30/0601 
G06F123/02";"";"2025-12-05";"2025-12-05";"097850462";
"54";"Marketing system based on combination of short video technology and e-commerce goods selling";"LIANG XINGSHENG";"HEILONGJIANG QIANQIAN E COMMERCE CO LTD";"CN117035920A";"2023-07-28";"G06F11/14 
G06F16/27 
G06Q30/0601";"G06F11/1464 (CN) 
G06F16/27 (CN) 
G06Q30/0631 (CN) 
G06Q30/0643 (CN) 
Y02D10/00 (EP)";"2023-11-10";"2023-11-10";"088621838";
"55";"Commodity recommendation system for e-commerce platform";"LI CHENG";"CLOUD INFORMATION SCIENCE AND TECH LIMITED COMPANY FOR HEFENGCAT";"CN114155057A";"2021-11-22";"G06K9/62 
G06Q30/06";"G06F18/23213 (CN) 
G06F18/24 (CN) 
G06Q30/0631 (CN)";"2022-03-08";"2022-03-08";"080457319";
"56";"BPR-RNN-based e-commerce platform commodity automatic recommendation system";"GUO BINGJIE 
SHI KAICHENG";"XIAMEN UNIV MALAYSIA";"CN119887335A";"2025-01-08";"G06F18/10 
G06F18/20 
G06Q30/0201 
G06Q30/0601";"G06F18/10 (CN) 
G06F18/20 (CN) 
G06Q30/0201 (CN) 
G06Q30/0631 (CN)";"2025-04-25";"2025-04-25";"095420492";
"57";"E-COMMERCE METHOD AND SYSTEM OF ONLINE MARKET ACCORDING TO THE OPENING OF ONLINE MARKET PROVIDED BY PLURALITY OF CREATORS";"LEE JONG IN [KR] 
HEALIM KWON";"BORNTOBE CORP [KR]";"KR102667441B1 
KR20230052709A";"2021-10-13";"G06Q30/06 
G06Q50/00";"G06Q10/40 (KR) 
G06Q30/0613 (KR) 
G06Q30/0641 (KR)";"2023-04-20 
2024-05-20";"2023-04-20";"086143707";
"58";"Business management method and system based on data mining technology";"ZHOU XUE 
MOCKLAND 
WANG DALONG";"BEIHAI ANYING E COMMERCE CO LTD";"CN115760302A";"2022-11-28";"G06F16/9535 
G06Q30/0601 
G06V40/20";"Y02D10/00 (EP)";"2023-03-07";"2023-03-07";"085339710";
"59";"Artificial intelligence-based big data demand prediction method and system for e-commerce platform";"SUN WEI";"GUANGZHOU JINGCUI INTELLIGENT TECH CO LTD";"CN117333262A";"2023-10-09";"G06Q30/0201 
G06Q30/0601";"G06Q30/0201 (CN) 
G06Q30/0601 (CN) 
G06Q30/0605 (CN) 
G06Q30/0611 (CN)";"2024-01-02";"2024-01-02";"089291378";
"60";"Commodity display method and device of electronic shopping cart and computer equipment";"ZHENG YINGZHI";"CHUANGYOU DIGITAL TECH GUANGDONG CO LTD";"CN115249173A 
CN115249173B";"2022-05-27";"G06Q30/06 
G06Q30/0601";"G06Q30/0635 (CN) 
G06Q30/0643 (CN)";"2022-10-28 
2026-02-27";"2022-10-28";"083698691";
"61";"Commodity pushing method based on e-commerce marketing";"WANG CHEN";"FRANWELL INFORMATION TECH SUZHOU CO LTD";"CN116777563A";"2023-07-10";"G06F21/62 
G06Q30/0601";"G06F21/6245 (CN) 
G06Q30/0625 (CN) 
G06Q30/0631 (CN)";"2023-09-19";"2023-09-19";"088011438";
"62";"Electronic commerce data recommendation method based on big data";"LIU HUI";"GUICHANG GROUP CO LTD";"CN116911960A 
CN116911960B";"2023-09-12";"G06F16/35 
G06F16/9537 
G06Q30/0601";"G06F16/35 (CN) 
G06F16/9537 (CN) 
G06Q30/0631 (CN) 
Y02D10/00 (EP)";"2023-10-20 
2023-11-17";"2023-10-20";"088363381";
"63";"E-commerce data group purchase deduction system based on algorithm and artificial intelligence";"WANG HONGPING";"GUANGDONG DEAO SMART MEDICAL TECH CO LTD";"CN115775173A 
CN115775173B";"2023-02-13";"G06Q30/0202 
G06Q30/0601";"";"2023-03-10 
2023-11-03";"2023-03-10";"085393586";
"64";"Personalized recommendation analysis system for related merchandize of expired items in e-commerce website shopping cart";"TSENG YI-CHING [TW]";"TSENG YI CHING [TW]";"TWM672617U";"2025-02-14";"G06Q10/06 
G06Q30/00";"";"2025-07-11";"2025-07-11";"097226881";
"65";"E-commerce marketing system based on big data analysis";"BI YING 
ZHANG YUN";"SUZHOU GUANLAN TINGTAO DATA TECH CO LTD";"CN117726387A";"2022-09-16";"G06Q30/0201 
G06Q30/0601";"";"2024-03-19";"2024-03-19";"090203921";
"66";"Algorithm recommendation method based on e-commerce big data";"XU GANGFEI";"NANJI E COMMERCE SHANGHAI CO LTD";"CN118194913A";"2023-12-28";"G06N3/044 
G06N3/045 
G06Q30/0601";"G06N3/044 (CN) 
G06N3/045 (CN) 
G06Q30/0631 (CN)";"2024-06-14";"2024-06-14";"091409735";
"67";"Shopping cart adding method and device";"YUAN RUNHONG";"BEIJING JINGDONG ZHENSHI INFORMATION TECH CO LTD";"CN119067737A";"2023-05-30";"G06F3/04842 
G06Q30/0601";"G06F3/04842 (CN) 
G06Q30/0641 (CN)";"2024-12-03";"2024-12-03";"093630416";
"68";"E-commerce processing for an event-centric online shopping transaction";"TELANG ANDREA JAYNE [US] 
DARMODY TROY ADAM [US]";"SAFEWAY INC [US]";"US11416913B1";"2021-03-08";"G06Q20/12 
G06Q20/38 
G06Q30/02 
G06Q30/06";"G06Q20/12 (EP,US) 
G06Q30/0226 (EP,US) 
G06Q30/0635 (EP,US) 
G06Q20/386 (US)";"2022-08-16";"2022-08-16";"082802812";
"69";"METHODS AND SYSTEMS FOR INTERACTIONS WITH VIRTUAL SHOPPING CART VIEW";"RUNDLE JONATHAN [CA] 
BATINA KATARINA [US]";"SHOPIFY INC [CA]";"US20260065350A1";"2024-08-27";"G06F3/04845 
G06F3/04886 
G06Q30/0601";"G06F3/04845 (EP,US) 
G06F3/04883 (EP) 
G06F3/04886 (EP,US) 
G06Q30/0633 (EP,US) 
G06Q30/0641 (EP) 
G06Q30/0643 (EP)";"2026-03-05";"2026-03-05";"098900818";
"70";"Commodity information display optimization method and system based on real-time user interaction";"XIE WEICHAO 
HU RUIHANG 
ZHU YIKANG";"SHENZHEN HUOBANXING NETWORK TECH CO LTD";"CN118735661A 
CN118735661B";"2024-09-04";"G06F18/232 
G06F18/23213 
G06F18/26 
G06F18/27 
G06N3/08 
G06Q30/0601";"G06F18/232 (CN) 
G06F18/23213 (CN) 
G06F18/26 (CN) 
G06F18/27 (CN) 
G06N3/08 (CN) 
G06Q30/0631 (CN) 
G06Q30/0641 (CN) 
Y02D10/00 (EP)";"2024-10-01 
2025-01-10";"2024-10-01";"092867679";
"71";"E-commerce platform commodity recommendation method and system based on big data";"LIU YOUZHANG 
HUANG CHENKE 
HUANG YUAN";"WOZHI NANNING INFORMATION TECH CO LTD";"CN119919212A";"2024-12-31";"G06F16/9535 
G06F16/9537 
G06F18/22 
G06F18/2431 
G06F18/25 
G06N3/0442 
G06N3/048 
G06Q30/0601";"";"2025-05-02";"2025-05-02";"095508321";
"72";"E-commerce commodity recommendation platform based on automatic algorithm";"HE BOWEN 
WU YUE";"WUHAN FAMILY DOMESTICATED CATTLE BIOTECHNOLOGY LTD COMPANY";"CN114549112A";"2021-11-18";"G06Q30/06";"G06Q30/0625 (CN) 
G06Q30/0631 (CN)";"2022-05-27";"2022-05-27";"081668645";
"73";"E-commerce management platform based on big data";"CHEN QINGWU 
WANG JINLONG 
ZHU LIANZHEN 
LI JI 
WANG LEI";"ZHEJIANG RED SUN ENTERPRISE MAN CONSULTING CO LTD";"CN116051241A 
CN116051241B";"2023-02-01";"G06F21/62 
G06Q30/0601";"G06F21/6245 (CN) 
G06Q30/0601 (CN) 
G06Q30/0631 (CN) 
Y02D10/00 (EP)";"2023-05-02 
2023-12-12";"2023-05-02";"086120016";
"74";"E-commerce commodity recommendation optimization management system";"YANG DONG 
HU DIE";"NANJING JIEYOU INTERNET SERVICE CO LTD";"CN119671675A";"2024-12-02";"G06F16/334 
G06F16/9536 
G06F18/213 
G06F18/26 
G06N5/025 
G06Q30/0601 
G06Q50/00";"";"2025-03-21";"2025-03-21";"094997943";
"75";"E-commerce Systems Including Cross-Selling and E-commerce for Social Media";"GOLDBERG JASON [US] 
PERRY DAVID [US]";"GOVYRL INC [US]";"US20260094200A1";"2024-09-27";"G06Q10/087 
G06Q30/0251 
G06Q30/0601";"G06Q10/087 (EP,US) 
G06Q30/0255 (EP,US) 
G06Q30/0631 (EP,US) 
G06Q30/0641 (EP,US)";"2026-04-02";"2026-04-02";"099226282";
"76";"E-commerce inventory system oversell solving method, solving device, equipment and medium";"YU YANJUN";"VIPSHOP GUANGZHOU SOFTWARE CO LTD";"CN115759934A";"2022-11-29";"G06Q10/087 
G06Q30/0601";"";"2023-03-07";"2023-03-07";"085341018";
"77";"Artificial intelligence-based electronic commerce recommendation system";"HOU ENPAN 
LI KUNYI 
ZHANG WEIPING 
CHEN JINGYU";"GLOBAL DIGITAL TECH GROUP CO LTD";"CN118014697A 
CN118014697B";"2024-04-10";"G06F16/2457 
G06Q30/0601";"G06F16/2457 (CN) 
G06Q30/0601 (CN) 
G06Q30/0631 (CN)";"2024-05-10 
2024-06-04";"2024-05-10";"090945780";
"78";"Personalized e-commerce commodity display method based on AI recommendation algorithm";"LIU LIANG";"LIU LIANG";"CN120807078A";"2025-06-06";"G06F16/9535 
G06F18/25 
G06N20/00 
G06Q30/0601 
G06Q50/00";"G06F16/9535 (CN) 
G06F18/25 (CN) 
G06N20/00 (CN) 
G06Q30/0631 (CN) 
G06Q30/0643 (CN)";"2025-10-17";"2025-10-17";"097312793";
"79";"TIME SENSITIVE ITEM-TO-ITEM RECOMMENDATION SYSTEM AND METHOD";"CORREA JOSHUA [US] 
KUSHKULEY ALEXANDER [US]";"SALESFORCE COM INC [US]";"US2023245206A1";"2022-01-31";"G06F11/34 
G06Q30/02 
G06Q30/06";"G06F11/3438 (EP,US) 
G06F11/3476 (EP,US) 
G06Q30/0201 (EP,US) 
G06Q30/0631 (EP,US)";"2023-08-03";"2023-08-03";"087432381";
"80";"E-commerce commodity recommendation system and method based on big data";"WEI PEIJIA 
FENG YING";"SHIJIAZHUANG VOCATIONAL TECHNOLOGY COLLEGE SHIJIAZHUANG OPEN UNIV";"CN118134604A";"2024-03-25";"G06Q30/0601";"G06Q30/0631 (CN) 
G06Q30/0635 (CN)";"2024-06-04";"2024-06-04";"091231568";
"81";"METHOD AND APPARATUS FOR PROVIDING COUPON FOR ELECTRONIC COMMERCE SERVICE, AND RECORDING MEDIUM";"CHANG CATHERINE [KR] 
YOON MINJI [KR] 
JUNG YOUDAM [KR]";"COUPANG CORP [KR]";"WO2025058121A1";"2023-09-14";"G06Q20/12 
G06Q30/02";"G06Q20/12 (EP,KR) 
G06Q30/02 (EP) 
G06Q30/0207 (EP) 
G06Q30/0208 (EP,KR) 
G06Q30/0213 (KR) 
G06Q30/0224 (KR) 
G06Q30/0251 (EP) 
G06Q30/0255 (KR)";"2025-03-20";"2025-01-22";"094385145";
"82";"METHOD, APPARATUS, AND RECORDING MEDIUM OF ENCOURAGING SIGN-UP FOR MEMBERSHIP OF E-COMMERCE SERVICE";"CHANG CATHERINE [KR] 
CHOI YUNJEONG [KR] 
YANG YEOJOO [KR]";"COUPANG CORP [KR]";"WO2024257941A1";"2023-06-16";"G06Q30/02 
G06Q30/06";"G06Q30/02 (EP) 
G06Q30/0213 (KR) 
G06Q30/0217 (KR) 
G06Q30/0222 (KR) 
G06Q30/0224 (KR) 
G06Q30/0255 (KR) 
G06Q30/06 (EP) 
G06Q30/0633 (KR) 
G06Q30/0641 (KR)";"2024-12-19";"2024-12-19";"093852317";
"83";"Consumer Purchasing and Inventory Control Assistant Apparatus, System and Methods";"FERGUSON TODD B [US] 
CZACHOWSKI ANDREW M [US]";"TACO MARKETING LLC [US]";"US2024370915A1";"2021-05-14";"G06Q30/0601";"G06Q10/087 (EP) 
G06Q30/0601 (EP) 
G06Q30/0629 (US) 
G06Q30/0631 (US) 
G06Q30/0633 (US)";"2024-11-07";"2022-11-17";"084029862";
"84";"E-commerce platform-based management method and system";"XU BISHAN";"SHENZHEN OUMIJIA E COMMERCE CO LTD";"CN120317945A";"2025-03-25";"G06N3/006 
G06Q30/0601";"G06N3/006 (CN) 
G06Q30/0601 (CN) 
G06Q30/0625 (CN) 
G06Q30/0631 (CN)";"2025-07-15";"2025-07-15";"096334694";
"85";"Method and device for solving long tail effect in recommendation";"ZHANG YI 
YAN BO 
ZHANG MIN 
WU WEISEN";"SHENZHEN FENGXIANG INFORMATION TECH CO LTD";"CN116861323A 
CN116861323B";"2023-07-24";"G06F18/214 
G06F18/232 
G06F18/2411 
G06Q30/0601";"G06F18/214 (CN) 
G06F18/232 (CN) 
G06F18/2411 (CN) 
G06Q30/0631 (CN) 
G06Q30/0641 (CN) 
Y02D10/00 (EP)";"2023-10-10 
2024-02-23";"2023-10-10";"088221457";
"86";"Data processing method and system based on private domain e-commerce platform, and storage medium";"ZHENG ZHIGUANG 
LI WEIHAN";"SHENZHEN BANRUOHAI TECH CO LTD";"CN117350766A 
CN117350766B";"2023-10-23";"G06F18/10 
G06F18/213 
G06F18/214 
G06F18/231 
G06F18/24 
G06Q10/087 
G06Q30/0201 
G06Q30/0601";"G06F18/10 (CN) 
G06F18/213 (CN) 
G06F18/214 (CN) 
G06F18/231 (CN) 
G06F18/24 (CN) 
G06Q10/087 (CN) 
G06Q30/0201 (CN) 
G06Q30/0601 (CN) 
G06Q30/0631 (CN) 
Y02D10/00 (EP)";"2024-01-05 
2024-08-20";"2024-01-05";"089368914";
"87";"Multi-industry fusion Internet service platform and method based on data platform, and storage medium";"ZHOU JIAPENG 
TIAN ZHIMING 
XIAO YINGCONG 
ZHAO XING";"YUNNAN LIANHENG LIZHONG TECH CO LTD";"CN120182046A";"2025-03-24";"G06F16/22 
G06F16/25 
G06F21/62 
G06Q30/015 
G06Q30/016 
G06Q30/0201 
G06Q30/0601 
G06Q50/10 
G06Q50/163";"G06F16/2237 (CN) 
G06F16/254 (CN) 
G06F21/6245 (CN) 
G06Q30/015 (CN) 
G06Q30/016 (CN) 
G06Q30/0201 (CN) 
G06Q30/0206 (CN) 
G06Q30/0631 (CN) 
G06Q50/10 (CN) 
G06Q50/163 (CN)";"2025-06-20";"2025-06-20";"096033281";
"88";"E-commerce platform promotion method and system";"WANG JIANG";"DRILLING TECH SHANGHAI INFORMATION TECH LIMITED COMPANY";"CN114282942A 
CN114282942B";"2021-12-22";"G06Q30/02 
G06F16/9536 
G06Q30/0214";"";"2022-04-05 
2023-04-07";"2022-04-05";"080874123";
"89";"LIVE VIEW OF A WEBSITE SUCH AS AN E-COMMERCE STORE";"WAESE JAMIE [CA]";"SHOPIFY INC [CA]";"US12488382B2 
US2024070761A1";"2022-08-24";"G06Q30/06 
G06F16/954 
G06Q30/00 
G06Q30/0601";"G06F16/954 (US) 
G06F16/958 (EP) 
G06Q30/0633 (EP,US) 
G06Q30/0641 (EP,US) 
G06Q30/0643 (EP)";"2024-02-29 
2025-12-02";"2024-02-24";"089979502";
"90";"Cross-border e-commerce order management method and system";"DING YI 
XIE QINGMIN 
XU GUOWEI 
WANG ZIHUA";"SHAANXI NINGZHONGHUI CROSS BORDER E COMMERCE SERVICE CO LTD";"CN119444354A";"2024-10-22";"G06N7/02 
G06Q10/0831 
G06Q30/0601 
H04L9/32";"G06N7/02 (CN) 
G06Q10/0831 (CN) 
G06Q30/0609 (CN) 
G06Q30/0635 (CN) 
H04L9/3247 (CN)";"2025-02-14";"2025-02-14";"094525115";
"91";"Multi-pair sorting recommendation algorithm based on multiple implicit feedbacks";"WANG HONGJUAN 
ZHENG JIANCHANG";"BEIJING INST GRAPHIC COMMUNICATION";"CN119202375A";"2024-08-22";"G06F16/9535 
G06F18/2431 
G06N3/048 
G06N3/084 
G06Q30/0601";"G06F16/9535 (CN) 
G06F18/2431 (CN) 
G06N3/084 (CN) 
G06Q30/0631 (CN) 
G06N3/048 (CN)";"2024-12-27";"2024-12-27";"094058944";
"92";"E-commerce operation management system based on cloud platform";"LIU CHUANFENG 
FENG XUZHEN 
ZHAO LEI 
JIA XIN 
YUAN YANXIN";"TAIAN QILIN ELECTRONIC COMMERCE CO LTD";"CN119722237A";"2024-12-13";"G06Q30/0203 
G06Q30/0251 
G06Q30/0601";"Y02D10/00 (EP)";"2025-03-28";"2025-03-28";"095076314";
"93";"Online ordering cooperation system and method";"ZHU WEIXING 
JI SANYONG 
LIU ZHIGANG 
LIU JINGYONG 
PEI DAPENG";"SHOPEX SOFTWARE CO LTD";"CN119558927A";"2024-11-01";"G06Q10/10 
G06Q10/101 
G06Q30/0202 
G06Q30/0601 
G06Q40/04 
G06Q40/12";"G06Q10/101 (CN) 
G06Q10/103 (CN) 
G06Q30/0202 (CN) 
G06Q30/0635 (CN) 
G06Q30/0643 (CN) 
G06Q40/04 (CN) 
G06Q40/125 (CN)";"2025-03-04";"2025-03-04";"094743247";
"94";"System, method, and computer program for providing, automatically trying, and applying electronic coupon codes and cash back in electronic commerce";"CORRIERI NICHOLAS [US] 
GINSBERG JOHN [GB]";"PIGGY LLC [US]";"US11868922B1";"2015-09-09";"G06Q30/00 
G06Q30/0207 
G06Q30/0601 
H04L67/02";"G06Q30/0222 (EP,US) 
G06Q30/0239 (EP,US) 
G06Q30/0633 (EP,US) 
G06Q30/0643 (EP,US) 
H04L67/02 (EP,US)";"2024-01-09";"2024-01-09";"089434907";
"95";"Live broadcast e-commerce intelligent guide system and promotion method";"WANG YULIN 
ZHANG LIDONG 
XU JUN 
CHEN CONG 
HUANG FENG 
LI JIAJUN 
LU KEWEI 
YANG XIN 
YU JIE 
QIN SHENG";"HANGZHOU CIYUANDAO TECH CO LTD";"CN119128267A 
CN119128267B";"2024-09-10";"G06F16/9535 
G06F16/9537 
G06N3/0464 
G06N3/092 
G06Q30/0202 
G06Q30/0601";"G06F16/9535 (CN) 
G06F16/9537 (CN) 
G06N3/0464 (CN) 
G06N3/092 (CN) 
G06Q30/0202 (CN) 
G06Q30/0631 (CN) 
G06Q30/0641 (CN)";"2024-12-13 
2025-05-02";"2024-12-13";"093751619";
"96";"SINGLE CHECKOUT AND PURCHASE RECOMMENDATIONS IN A MULTI-VENDOR E-COMMERCE SYSTEM";"LAUE MATTHEW R [US]";"LAUE MATTHEW R [US]";"US2025200633A1";"2023-12-18";"G06Q30/0601";"G06Q30/0625 (EP,US) 
G06Q30/0631 (EP,US) 
G06Q30/0643 (EP,US)";"2025-06-19";"2025-06-19";"096022653";
"97";"AN E-COMMERCE ORDER MERGING FULFILMENT SYSTEM FOR SHIPMENT OF PACKAGES FROM DIFFERENT LOCATIONS AND OPTIMISATION OF THE DELIVERY THEREOF";"COOPER JAY [AU] 
COOPER NICHOLAS [AU]";"ISSIMO IP PTY LTD [AU]";"WO2023023760A1";"2021-08-25";"G06Q10/08 
G06Q30/06";"G06Q10/08 (EP,AU) 
G06Q30/0601 (EP,AU) 
G06Q30/0613 (AU) 
G06Q30/0639 (AU)";"2023-03-02";"2023-03-02";"085321360";
"98";"Multifunctional terminal management platform and management method";"LIU YUN";"ZIGONG HAITIAN CULTURE CO LTD";"CN115034752A";"2022-06-13";"G06F16/9535 
G06F17/18 
G06Q10/10 
G06Q30/00 
G06Q30/02";"G06F16/9535 (CN) 
G06F17/18 (CN) 
G06Q10/103 (CN) 
G06Q30/01 (CN) 
G06Q30/0208 (CN) 
G06Q30/0226 (CN)";"2022-09-09";"2022-09-09";"083124114";
"99";"E-commerce application commodity recommendation method and device";"NIU RUBING 
WANG MIN 
XU RUI";"SHANGHAI JULINGSHOU TECH CO LTD";"CN116562961A";"2023-04-19";"G06Q30/0601";"G06Q30/0601 (CN) 
G06Q30/0631 (CN) 
Y02D10/00 (EP)";"2023-08-08";"2023-08-08";"087493733";
"100";"E-COMMERCE MULTI-MARKET SUPPLY AND DEMAND EFFICIENT AND ACCURATE FUSION INTELLIGENT SYSTEM, METHOD AND DEVICE";"WANG JUNLING [CN]";"WANG JUNLING [CN]";"WO2023045176A1";"2020-09-21";"G06Q30/06";"G06F16/9535 (CN) 
G06K17/0025 (CN) 
G06Q30/0631 (CN)";"2023-03-30";"2022-08-30";"082975014";
"101";"E-commerce system";"CHOU SHIH-EN [TW] 
LIAO YU-CHI [TW] 
JHENG DONG-HAO [TW]";"MEIMAII TECHNOLOGY CO LTD [TW]";"TWM635937U";"2022-06-29";"G06Q30/06";"";"2023-01-01";"2023-01-01";"086658461";
"102";"System, method, and computer program for providing, automatically trying, and applying electronic coupon codes and cash back in electronic commerce";"CORRIERI NICHOLAS [US] 
GINSBERG JOHN [GB]";"PIGGY LLC [US]";"US11869027B1";"2015-09-09";"G06F16/955 
G06Q30/00 
G06Q30/0207 
G06Q30/0601";"G06F16/9566 (EP,US) 
G06Q30/0222 (EP,US) 
G06Q30/0641 (EP,US)";"2024-01-09";"2024-01-09";"089434879";
"103";"E-commerce data processing system based on artificial intelligence";"MENG ZHAOFANG";"SHANDONG BOSHANG E COMMERCE CO LTD";"CN119398863A";"2024-10-09";"G06F18/20 
G06Q10/087 
G06Q30/0201 
G06Q30/0601";"G06F18/20 (CN) 
G06Q10/087 (CN) 
G06Q30/0201 (CN) 
G06Q30/0601 (CN) 
G06Q30/0631 (CN)";"2025-02-07";"2025-02-07";"094427377";
"104";"Page display method and device, equipment, medium and program product";"YUAN TIAN 
LIU CHAOPENG";"SHUNENG SHENGQIAO TECH SHANGHAI CO LTD";"CN121073592A";"2025-08-22";"G06F3/0483 
G06Q30/0601";"";"2025-12-05";"2025-12-05";"097841483";
"105";"AI Method and system on product search and combined products recommendation based on recognition of entities included in input document using AI";"CHUNG TAE SEOK";"B I CORP [KR]";"KR20230061769A";"2021-10-29";"G06N20/00 
G06Q30/02 
G06Q30/06";"";"2023-05-09";"2023-05-09";"086408655";
"106";"Off-line store order processing system of automobile e-commerce platform";"WANG JILUN";"WANG JILUN";"CN117035941A";"2023-08-25";"G06F16/953 
G06Q30/01 
G06Q30/0601";"G06F16/953 (CN) 
G06Q30/01 (CN) 
G06Q30/0635 (CN)";"2023-11-10";"2023-11-10";"088639090";
"107";"E-commerce intelligent integrated management and accurate analysis system";"LAN BINBIN";"HANGZHOU JUZHI BUTING NETWORK TECH CO LTD";"CN120374235A";"2025-04-23";"G06F16/215 
G06F16/25 
G06F16/27 
G06F16/28 
G06F16/9535 
G06F16/9536 
G06F18/22 
G06N20/20 
G06N5/04 
G06Q10/0637 
G06Q10/087 
G06Q30/0202 
G06Q30/0601";"G06F16/215 (CN) 
G06F16/254 (CN) 
G06F16/27 (CN) 
G06F16/284 (CN) 
G06F16/9535 (CN) 
G06F16/9536 (CN) 
G06F18/22 (CN) 
G06N20/20 (CN) 
G06N5/041 (CN) 
G06Q10/0637 (CN) 
G06Q10/087 (CN) 
G06Q30/0202 (CN) 
G06Q30/0631 (CN)";"2025-07-25";"2025-07-25";"096452544";
"108";"Commodity recommendation method, system and equipment based on event sequence and storage medium";"ZHANG BIN";"YISHANG HUIZHONG BEIJING TECH CO LTD";"CN115659055A";"2022-12-27";"G06F16/9535 
G06N3/08 
G06Q30/0601";"";"2023-01-31";"2023-01-31";"085022383";
"109";"E-commerce platform commodity intelligent analysis and recommendation system based on deep learning";"LIANG SHENYUAN";"WUHAN YANGHONG E COMMERCE CO LTD";"CN114971805A";"2022-06-07";"G06K9/62 
G06N20/00 
G06Q30/06";"G06F18/22 (CN) 
G06N20/00 (CN) 
G06Q30/0631 (CN) 
G06Q30/0643 (CN)";"2022-08-30";"2022-08-30";"082959391";
"110";"PREDICTIVE PICKING OF ITEMS FOR PREPOPULATING A SHOPPING CART FOR A SHOPPER";"SANCHEZ KENNETH JASON [US] 
HERMANN ERIC [US]";"MAPLEBEAR INC DBA INSTACART [US]";"US2024331015A1";"2023-03-31";"G06Q30/02 
G06Q30/0601";"G06Q30/0281 (EP,US) 
G06Q30/0633 (EP) 
G06Q30/0635 (EP,US) 
G06Q30/0639 (EP,US)";"2024-10-03";"2024-10-03";"092896713";
"111";"SYSTEMS AND METHODS FOR USER PERSONALIZATION AND RECOMMENDATIONS";"BUZZELL MICHAEL LEON [US] 
BUZZELL NICHOLAS THEODORE [US]";"NBTV CHANNELS LLC [US]";"US2023377023A1";"2019-06-21";"G06Q30/0601 
G09G3/34";"G06Q30/0631 (EP,US) 
G06Q30/0633 (EP,US) 
G06Q30/0641 (EP,US) 
G09G3/3413 (US) 
G09G2320/062 (US)";"2023-11-23";"2023-11-23";"088791709";
"112";"Commodity recommendation model training and application method and electronic equipment";"KANG JI-SOUNG";"GUANGZHOU SHANGYAN NETWORK TECH CO LTD";"CN118586979A";"2024-05-28";"G06F18/214 
G06F18/2431 
G06Q30/0601";"G06F18/214 (CN) 
G06F18/2431 (CN) 
G06Q30/0631 (CN) 
G06Q30/0641 (CN)";"2024-09-03";"2024-09-03";"092529180";
"113";"E-commerce data processing method, device and system";"LI XIAOYUN 
YANG CHENGWU";"DONGFANGHUN DIGITAL TECH BEIJING CO LTD";"CN119341827A";"2024-10-28";"G06F21/60 
G06F21/62 
G06F21/64 
G06Q30/0601 
H04L9/00 
H04L9/32 
H04L9/40";"G06F21/602 (CN) 
G06F21/6245 (CN) 
G06F21/64 (CN) 
G06Q30/0631 (CN) 
G06Q30/0635 (CN) 
H04L63/0428 (CN) 
H04L9/3239 (CN) 
H04L9/50 (CN)";"2025-01-21";"2025-01-21";"094274584";
"114";"Intelligent operation system of cross-border e-commerce platform";"HAN BEIBEI 
YAO DAN";"SCIENCE AND TECHNOLOGY COLLEGE OF HUBEI UNIV OF ARTS AND SCIENCE";"CN118982402A";"2024-07-20";"G06N3/044 
G06N3/0442 
G06N3/045 
G06Q10/0875 
G06Q30/01 
G06Q30/0251 
G06Q30/0601";"G06N3/044 (CN) 
G06N3/0442 (CN) 
G06N3/045 (CN) 
G06Q10/0875 (CN) 
G06Q30/01 (CN) 
G06Q30/0255 (CN) 
G06Q30/0623 (CN) 
G06Q30/0631 (CN)";"2024-11-19";"2024-11-19";"093451485";
"115";"Electronic commerce information consultation method and system based on big data";"FAN TIEZHU";"SHANXI WEIJUN XINCHENG INFORMATION CONSULTING CO LTD";"CN121258639A";"2025-10-10";"G06F18/22 
G06F18/241 
G06Q30/0601";"";"2026-01-02";"2026-01-02";"098185901";
"116";"Co-purchasing system & method";"HANN MARK A [US] 
STARK JAMES [US]";"SPLITCART LLC [US]";"US12067592B2 
US2023098217A1";"2019-08-13";"G06Q20/02 
G06Q20/40 
G06Q30/0251 
G06Q30/0272 
G06Q30/0601";"G06Q20/027 (EP,US) 
G06Q20/227 (EP) 
G06Q20/384 (EP) 
G06Q20/405 (US) 
G06Q30/0253 (EP,US) 
G06Q30/0272 (EP,US) 
G06Q30/0605 (EP,US)";"2023-03-30 
2024-08-20";"2023-03-30";"085718430";
"117";"E-commerce platform commodity recommendation method based on AI intelligence";"HU SONGNAN 
YOU HUANHUAN 
WEI YINGYU 
ZHANG QIAN 
WANG MIN 
LUO JIE 
LUO FEN 
TIAN JINGYUAN 
FENG MINGSI";"CHINA COMMUNICATIONS XIAMEN E COMMERCE CO LTD";"CN121052904A 
CN121052904B";"2025-10-31";"G06N3/0442 
G06N3/0464 
G06N3/049 
G06N3/084 
G06N3/092 
G06Q10/087 
G06Q30/0601";"";"2025-12-02 
2026-03-27";"2025-12-02";"097805273";
"118";"AI-based order-making scheme recommendation method and device, storage medium and equipment";"ZHONG HANXIAO 
TIAN WEICHAO 
LI QIN 
HE SHIWEI 
TIAN YE";"CHENGDU ANYIXUN TECH CO LTD";"CN119941351A";"2024-12-24";"G06F16/9535 
G06Q30/0601";"";"2025-05-06";"2025-05-06";"095552349";
"119";"Promotion order processing method and device based on recommendation algorithm";"YANG MANPO 
YANG ZHOULONG 
PAN HONGJING";"DONGPU SOFTWARE CO LTD";"CN115496552A 
CN115496552B";"2022-09-15";"G06Q30/02 
G06Q30/06 
G06Q30/0207 
G06Q30/0211 
G06Q30/0601";"G06Q30/0211 (CN) 
G06Q30/0222 (CN) 
G06Q30/0239 (CN) 
G06Q30/0631 (CN) 
G06Q30/0635 (CN)";"2022-12-20 
2024-03-29";"2022-12-20";"084467645";
"120";"Compact recommendation optimization method based on foam purchase reduction";"DING ZHENGPING 
WANG FATENG 
LIU YEZHENG 
JIANG YUANCHUN 
SUN JIANSHAN";"FERTILIZER COMBINING INDUSTRIAL UNIV";"CN114187049A";"2021-12-14";"G06Q30/02 
G06Q30/06";"G06Q30/0207 (CN) 
G06Q30/0224 (CN) 
G06Q30/0601 (CN) 
G06Q30/0631 (CN)";"2022-03-15";"2022-03-15";"080543755";
"121";"E-commerce platform management system based on Internet";"JI XIAOBO";"JI XIAOBO";"CN116188102A";"2023-01-11";"G06F16/25 
G06Q30/0601";"G06F16/25 (CN) 
G06Q30/0631 (CN) 
G06Q30/0633 (CN) 
Y02D10/00 (EP)";"2023-05-30";"2023-05-30";"086439676";
"122";"Commodity recommendation method based on user behavior data and electronic commerce system";"WEI JIANFENG 
ZHANG RUIQI 
LIU ZHISEN 
BAI LI 
ZHANG WEI";"LINGYI CHUANGZAO HUANLE SHENZHEN TECH CO LTD";"CN116681488A";"2023-06-09";"G06F16/9535 
G06F18/22 
G06F40/30 
G06Q30/0601";"G06F16/9535 (CN) 
G06F18/22 (CN) 
G06F40/30 (CN) 
G06Q30/0631 (CN) 
Y02D10/00 (EP)";"2023-09-01";"2023-09-01";"087786908";
"123";"Artificial intelligence platform based on e-commerce application";"JI ENHUI 
FANG PENGZHAN";"FOCUS TECH CO LTD";"CN117474630A";"2023-11-10";"G06F16/9535 
G06F16/9536 
G06Q30/0601";"G06F16/9535 (CN) 
G06F16/9536 (CN) 
G06Q30/0601 (CN) 
G06Q30/0631 (CN) 
Y02D10/00 (EP)";"2024-01-30";"2024-01-30";"089634565";
"124";"E-commerce interaction method and system based on meta universe";"LIU YONGKUI 
ZOU BINGQUAN";"GUANGDONG SPACE COMPUTING TECH GROUP CO LTD";"CN118822688A";"2024-07-30";"G06F21/64 
G06Q10/087 
G06Q30/0601";"G06F21/64 (CN) 
G06Q10/087 (CN) 
G06Q30/0631 (CN) 
G06Q30/0635 (CN)";"2024-10-22";"2024-10-22";"093070924";
"125";"Information interaction method and device for cross-border e-commerce";"GU YUN 
XIE HONGXING";"YANGTENG INNOVATION FUJIAN INFORMATION TECH CO LTD";"CN119579288A";"2025-02-08";"G06F3/0483 
G06F3/0484 
G06Q30/0601";"G06F3/0483 (CN) 
G06F3/0484 (CN) 
G06Q30/0641 (CN)";"2025-03-07";"2025-03-07";"094801961";
"126";"Accurate customer obtaining method based on user behavior analysis";"QU XINYU 
TONG XING 
WU JINGWEN";"GUANGZHOU ARK CULTURE TECH CO LTD";"CN119250891A";"2024-09-20";"G06Q30/0204 
G06Q30/0601";"G06Q30/0204 (CN) 
G06Q30/0601 (CN) 
Y02D10/00 (EP)";"2025-01-03";"2025-01-03";"094033942";
"127";"Automatic purchasing method and device based on intelligent recommendation and electronic equipment";"WU CHENGCHENG 
WANG ZEYU 
ZHANG YE 
LIU BAOJU";"BEIJING BAIDU NETCOM SCI & TECH CO LTD";"CN119648332A";"2024-11-27";"G06F40/205 
G06F40/295 
G06Q20/12 
G06Q30/0207 
G06Q30/0601";"";"2025-03-18";"2025-03-18";"094945159";
"128";"Shopping Cart For Items Selected By An Account Holder Incented By A Donation To Conduct A Transaction";"TIETZEN TERRANCE PATRICK [CA] 
BALAN RICHARD M [CA]";"TIETZEN TERRANCE PATRICK [CA] 
BALAN RICHARD M [CA] 
EDATANETWORKS INC [CA]";"US12555156B2 
US2024412273A1";"2023-06-06";"G06Q20/40 
G06Q30/0279 
G06Q30/04 
G06Q30/0601 
G06Q30/00";"G06Q20/12 (EP) 
G06Q20/401 (EP) 
G06Q30/0279 (EP) 
G06Q30/04 (EP) 
G06Q30/0633 (EP,US)";"2024-12-12 
2026-02-17";"2024-12-12";"093744843";
"129";"一种基于大服务器容量的元宇宙交互式购物系统";"";"";"CN121883108A";"2023-04-04";"G06F21/60 
G06Q20/38 
G06Q20/40 
G06Q30/0601";"";"2026-04-17";"2026-04-17";"099399636";
"130";"E-commerce platform commodity recommendation method based on interest preference";"XIAO HANCHUN 
AN XUBIN 
WEI SHIHONG 
LI TUN 
XIAO YUNPENG 
WAN XIN 
ZHANG JIAN 
HU BOJIAN";"UNIV CHONGQING POSTS & TELECOM";"CN115311056A 
CN115311056B";"2022-08-23";"G06N3/04 
G06Q30/06 
G06F16/9535 
G06F16/958 
G06N3/08 
G06N3/042 
G06N3/045 
G06N3/0464 
G06N5/04 
G06Q30/0601";"G06F16/9535 (CN) 
G06F16/958 (CN) 
G06N3/08 (CN) 
G06Q30/0631 (CN)";"2022-11-08 
2026-02-13";"2022-11-08";"083865616";
"131";"Commodity recommendation method and system based on graph model";"ZHANG CHEN";"ZHEJIANG CHUANGLIN TECH CO LTD";"CN114049180A";"2021-12-13";"G06F16/9535 
G06Q30/06";"G06F16/9535 (CN) 
G06Q30/0631 (CN)";"2022-02-15";"2022-02-15";"080212717";
"132";"Method and device for generating recommendation list, electronic equipment and storage medium";"WANG ZHIYUAN";"CHINESE AGRICULTURAL BANK STOCK LTD COMPANY";"CN114418701A";"2022-01-26";"G06Q30/06";"G06Q30/0625 (CN) 
G06Q30/0631 (CN)";"2022-04-29";"2022-04-29";"081276698";
"133";"3 Apparatus and method for e-commerce providing three-dimensional images";"BAIK SEUNG IL [KR]";"BAIK SEUNG IL [KR]";"KR20230070593A";"2021-11-15";"G06Q30/06 
G06T17/00";"G06Q30/0631 (KR) 
G06Q30/0643 (KR) 
G06T17/00 (KR)";"2023-05-23";"2023-05-23";"086544779";
"134";"COMPUTER GENERATED PRICING AND PROMOTIONS FOR PERSONALIZED SALE OF AN ITEM";"NAGAR RAGHUVEER PRASAD [IN] 
JOSE REJI [IN] 
ARYA VIVEK [IN] 
SURI ARCHANA [IN]";"IBM [US]";"US2024104613A1";"2022-09-28";"G06Q30/02 
G06Q30/06";"G06Q10/42 (EP) 
G06Q30/0201 (EP,US) 
G06Q30/0269 (EP,US) 
G06Q30/0283 (EP,US) 
G06Q30/0631 (EP) 
G06Q30/0633 (EP,US)";"2024-03-28";"2024-03-28";"090359354";
"135";"E-commerce recommendation method and device based on real-time warehouse counting and recommendation model";"MA JUNCHAO 
ZHONG HONGJIANG 
ZHANG HAITANG 
YI HUAQIANG 
ZHANG JINTING 
JIN XIAOPENG";"UNIV SHENZHEN TECHNOLOGY";"CN117993995A";"2024-01-23";"G06F16/9535 
G06N3/045 
G06N3/048 
G06N3/08 
G06Q30/0601";"G06F16/9535 (CN) 
G06N3/045 (CN) 
G06N3/048 (CN) 
G06N3/08 (CN) 
G06Q30/0631 (CN)";"2024-05-07";"2024-05-07";"090888645";
"136";"Aggregated payment implementation method and terminal for automatically converting various payments into currencies for e-commerce platform";"CHEN HONGZHEN 
ZENG GUANGWEN 
GONG KAI 
HUANG XINJIE 
YAN CHENGHENG";"PEARL SEA FLASH BEE SCIENCE AND TECH LIMITED COMPANY";"CN114169874A";"2021-07-30";"G06F16/9537 
G06Q20/02 
G06Q20/08 
G06Q20/10 
G06Q20/12 
H04L67/52";"G06F16/9537 (CN) 
G06Q20/02 (CN) 
G06Q20/0855 (CN) 
G06Q20/10 (CN) 
G06Q20/12 (CN)";"2022-03-11";"2022-03-11";"080476486";
"137";"Cross-border e-commerce order management system based on presale data analysis";"LIN WENHUI 
LIN TIANGUI";"QUANZHOU FENGZE DISTR XINXING E COMMERCE CO LTD";"CN120196698A";"2025-03-14";"G06F16/29 
G06F16/9537 
G06F40/216 
G06F40/295 
G06Q30/0601 
H04L67/02";"G06F16/29 (CN) 
G06F16/9537 (CN) 
G06F40/216 (CN) 
G06F40/295 (CN) 
G06Q30/0635 (CN) 
H04L67/02 (CN)";"2025-06-24";"2025-06-24";"096073728";
"138";"Digital Marketplace";"SIDHU GURPREET S [US] 
RAMACH MARK ALAN [US] 
NAVA JOHN [US] 
BERNS SCOTT [US]";"CENTURYLINK IP LLC [US]";"US2023351479A1";"2022-04-28";"G06Q10/083 
G06Q30/0601 
H04L41/0806 
H04L41/50";"G06Q10/083 (EP,US) 
G06Q30/0635 (EP,US) 
G06Q30/0641 (EP,US) 
H04L41/0806 (US) 
H04L41/50 (US) 
H04L41/5051 (EP) 
G06F3/0482 (US) 
G06F3/0484 (US)";"2023-11-02";"2023-11-02";"088512392";
"139";"METHOD, RECORDING MEDIUM, AND DEVICE FOR PROVIDING WEB PAGE FOR PRODUCT";"LEE HAEYEON [KR] 
KANG JU EUN [KR] 
HUH NAEKYUNG [KR] 
LEE YEONSUNG [KR] 
GWAK JISU [KR] 
YIM ELAINE JI YUNG [KR]";"COUPANG CORP [KR]";"WO2025206501A1";"2024-03-27";"G06Q30/02 
G06Q30/06";"G06Q30/02 (EP) 
G06Q30/0208 (KR) 
G06Q30/06 (EP) 
G06Q30/0613 (KR) 
G06Q30/0631 (KR) 
G06Q30/0633 (KR) 
G06Q30/0641 (KR)";"2025-10-02";"2025-10-01";"097215658";
"140";"Mobile e-commerce cloud platform";"WANG YAN";"UNIV XIAN PEIHUA";"CN113988987A";"2021-11-04";"G06Q30/02 
G06Q30/06";"G06Q30/0201 (CN) 
G06Q30/0203 (CN) 
G06Q30/0601 (CN)";"2022-01-28";"2022-01-28";"079746341";
"141";"Big data mining method and system applied to online e-commerce platform";"GUO XUN 
WANG DONGHAO";"SHAANXI HUILAN SHIJIANG COMMERCE AND TRADE CO LTD";"CN115757978A";"2022-12-20";"G06F16/9535 
G06N3/04 
G06Q30/0601";"Y02D10/00 (EP)";"2023-03-07";"2023-03-07";"085347170";
"142";"E-commerce user behavior analysis method and system based on data mining";"ZHANG YUNFEI 
ZHANG LIANGLONG 
CUI LIKUI";"NANJING MAIJIA E COMMERCE CO LTD";"CN118134608A 
CN118134608B";"2024-05-06";"G06Q30/0601";"G06Q30/0629 (CN) 
G06Q30/0631 (CN) 
G06Q30/0643 (CN) 
Y02D10/00 (EP)";"2024-06-04 
2024-07-09";"2024-06-04";"091243207";
"143";"Self-service selling system for scattered market applets and use method";"WU YONG";"SHANGHAI YUNLIAN TECH CO LTD";"CN120452098A";"2025-06-16";"G07F9/00";"";"2025-08-08";"2025-08-08";"096609311";
"144";"Commodity information recommendation method and device, electronic equipment and computer readable medium";"WANG YUZHAN 
WANG WENBIN";"BEIJING JINGDONG TUOXIAN TECH CO LTD";"CN120181964A";"2025-03-13";"G06Q30/0601";"G06Q30/0631 (CN) 
G06Q30/0643 (CN)";"2025-06-20";"2025-06-20";"096043209";
"145";"Cross-border e-commerce intelligent website building system based on AI";"LIU LIRUI";"GUANGZHOU LIANYA NETWORK TECH CO LTD";"CN121352843A";"2025-09-25";"G06F18/23213 
G06F18/25 
G06N3/045 
G06N3/0475 
G06N3/094 
G06Q10/0835 
G06Q10/087 
G06Q30/0201";"";"2026-01-16";"2026-01-16";"098399457";
"146";"Cross-border e-commerce order management method based on cloud data analysis";"TANG ZAIPING 
WANG WEI 
GUI FENG";"HEFEI AILIN GERUI INTELLIGENT TECH CO LTD";"CN118586981A";"2024-06-06";"G06F18/10 
G06F18/23 
G06F18/243 
G06N3/0442 
G06N3/0464 
G06N3/08 
G06Q10/0831 
G06Q10/087 
G06Q30/0601";"G06F18/10 (CN) 
G06F18/23 (CN) 
G06F18/24323 (CN) 
G06N3/0442 (CN) 
G06N3/0464 (CN) 
G06N3/08 (CN) 
G06Q10/0831 (CN) 
G06Q10/087 (CN) 
G06Q30/0635 (CN) 
Y02D10/00 (EP)";"2024-09-03";"2024-09-03";"092528147";
"147";"Real scene remote shopping system and method";"WANG YING";"SHENZHEN SECOND PEOPLES HOSPITAL SHENZHEN INST OF TRANSLATIONAL MEDICINE";"CN115526682A";"2022-09-18";"B62B3/00 
B62B5/00 
G06Q10/04 
G06Q10/06 
G06Q30/06 
H04L9/40";"B62B3/00 (CN) 
B62B5/00 (CN) 
G06Q10/047 (CN) 
G06Q10/0633 (CN) 
G06Q30/0635 (CN) 
G06Q30/0639 (CN) 
G06Q30/0643 (CN) 
H04L63/0876 (CN) 
H04L63/105 (CN)";"2022-12-27";"2022-12-27";"084697959";
"148";"E-commerce design optimization method and system based on instant data";"TAN HUI";"HUNAN YIRUI CULTURAL DEV CO LTD";"CN118628205A";"2024-06-12";"G06F16/9535 
G06F16/958 
G06Q30/0601";"G06F16/9535 (CN) 
G06F16/958 (CN) 
G06Q30/0631 (CN) 
G06Q30/0641 (CN)";"2024-09-10";"2024-09-10";"092609255";
"149";"Electronic commerce intelligent recommendation system based on big data";"ZHANG XING 
ZHANG GE 
FANG YUCHAO 
LIU XIANGCHAO";"YUNNAN HUAWU TECH CO LTD";"CN118840138A";"2024-07-19";"G06Q30/0201 
G06Q30/0202 
G06Q30/0601";"G06Q30/0201 (CN) 
G06Q30/0202 (CN) 
G06Q30/0631 (CN) 
Y02D10/00 (EP)";"2024-10-25";"2024-10-25";"093142005";
"150";"An e-commerce platform capable of providing goods transaction functions and additional services";"LEE YONG HYUK";"WEFRIEN CORP [KR]";"KR20230111763A";"2022-01-19";"G06F16/951 
G06Q30/02 
G06Q30/06";"G06F16/951 (KR) 
G06Q30/0222 (KR) 
G06Q30/0281 (KR) 
G06Q30/0283 (KR) 
G06Q30/0613 (KR) 
G06Q30/0633 (KR) 
G06Q30/0641 (KR)";"2023-07-26";"2023-07-26";"087427849";
"151";"SYSTEM AND METHOD FOR POPULATING WEB-BASED FORMS AND MANAGING E-COMMERCE CHECKOUT PROCESS";"SENTHIL KUMAR N [US]";"1CLICKPAY INC [US]";"US11532031B2 
US2022222735A1";"2021-01-08";"G06F16/951 
G06F40/174 
G06Q30/06 
H04L67/1396 
G06F40/194";"G06F16/951 (US) 
G06F40/174 (EP,US) 
G06Q30/0635 (EP,US) 
G06Q30/0637 (EP,US) 
G06Q30/0643 (EP,US) 
H04L67/02 (EP) 
H04L67/1396 (US) 
H04L67/306 (EP) 
H04L67/535 (EP) 
G06F40/194 (US) 
H04L67/53 (EP)";"2022-07-14 
2022-12-20";"2022-07-14";"082321975";
"152";"E-commerce platform personalized clothing recommendation method and system based on artificial intelligence";"CHEN YU 
REN YI 
GU YITING 
LI XIAOFEI";"UNIV XIAMEN TECHNOLOGY";"CN118628214A 
CN118628214B";"2024-08-13";"G06F18/213 
G06F18/23213 
G06F18/24 
G06N3/042 
G06N3/0464 
G06N3/08 
G06Q30/0201 
G06Q30/0601";"G06F18/213 (CN) 
G06F18/23213 (CN) 
G06F18/24 (CN) 
G06N3/042 (CN) 
G06N3/0464 (CN) 
G06N3/08 (CN) 
G06Q30/0201 (CN) 
G06Q30/0631 (CN)";"2024-09-10 
2024-11-05";"2024-09-10";"092596484";
"153";"E-commerce platform data analysis system based on cloud computing";"LI KE";"XUZHOU WENSHUO INFORMATION TECH CO LTD";"CN115423553A";"2022-08-26";"G06Q30/06 
G07G1/00";"G06Q30/0631 (CN) 
G06Q30/0643 (CN) 
G07G1/0018 (CN)";"2022-12-02";"2022-12-02";"084200410";
"154";"Saas cloud-based e-commerce system, e-commerce data processing method, device and equipment";"GUO YUANLI";"DEFINITION OCEAN ENTERPRISE DEVELOPMENT SHANGHAI LTD COMPANY";"CN114169960A";"2021-11-22";"G06Q30/02 
G06Q30/06";"G06Q30/0201 (CN) 
G06Q30/0631 (CN)";"2022-03-11";"2022-03-11";"080480015";
"155";"E-commerce system based on artificial intelligence";"LIU WEI 
HE YUCHUN 
FANG CHAO";"BEIJING ZHIYOU JIPIN TECH CO LTD";"CN117454009A";"2023-11-09";"G06F16/9535 
G06F16/957 
G06F16/958 
G06Q30/0601";"G06F16/9535 (CN) 
G06F16/957 (CN) 
G06F16/958 (CN) 
G06Q30/0631 (CN) 
G06Q30/0641 (CN)";"2024-01-26";"2024-01-26";"089587203";
"156";"MULTI-CHANNEL AUTHENTICATION USING DELEGATED CREDENTIALS";"GHORBANI SIAVASH [CA] 
RIVERA CARL [US]";"SHOPIFY INC [CA]";"US20260030626A1";"2021-04-29";"G06Q20/32 
G06Q20/36 
G06Q20/38 
G06Q20/40 
G06Q30/0601 
H04L9/40";"G06Q20/12 (EP) 
G06Q20/322 (US) 
G06Q20/326 (EP,US) 
G06Q20/3674 (US) 
G06Q20/40 (US) 
G06Q20/42 (EP) 
G06Q30/0633 (EP,US) 
H04L63/08 (EP,US) 
H04W12/06 (EP) 
H04W12/69 (EP) 
G06Q20/3821 (US) 
H04L2463/102 (EP) 
H04L2463/121 (EP)";"2026-01-29";"2022-11-03";"083807671";
"157";"Search recommendation method and device and equipment";"SHI JINGCHENG 
DA QING 
ZENG ANXIANG";"ALIBABA GROUP HOLDING LTD";"CN114065015A 
CN114065015B";"2020-07-31";"G06F16/9535";"G06F16/9535 (CN)";"2022-02-18 
2026-01-06";"2022-02-18";"080227796";
"158";"Recommender-based e-commerce transaction system and method";"ZHAO XUEFENG 
ZHAO YIYI";"ZHAO YIYI";"CN120952871A";"2025-08-01";"G06Q30/0214 
G06Q30/0601";"G06Q30/0214 (CN) 
G06Q30/0601 (CN) 
G06Q30/0631 (CN)";"2025-11-14";"2025-11-14";"097617879";
"159";"Generative adversarial network-based e-commerce platform marketing strategy generation method";"LIU YUXIANG 
SUN LIZHI";"XIANGXING MEDIA JIANGSU CO LTD";"CN120689082A";"2025-06-19";"G06F18/214 
G06F18/231 
G06F18/25 
G06N3/006 
G06N3/0442 
G06N3/045 
G06N3/0475 
G06N3/084 
G06N3/09 
G06N3/094 
G06N5/01 
G06Q30/0201 
G06Q30/0202 
G06Q30/0601 
G06F123/02";"G06F18/214 (CN) 
G06F18/231 (CN) 
G06F18/253 (CN) 
G06N3/006 (CN) 
G06N3/0442 (CN) 
G06N3/045 (CN) 
G06N3/0475 (CN) 
G06N3/084 (CN) 
G06N3/09 (CN) 
G06N3/094 (CN) 
G06N5/01 (CN) 
G06Q30/0201 (CN) 
G06Q30/0202 (CN) 
G06Q30/0631 (CN) 
G06F2123/02 (CN)";"2025-09-23";"2025-09-23";"097070626";
"160";"一种基于多维度决策的电商支付方式智能推荐系统及方法";"";"";"CN121883002A";"2025-12-30";"G06Q20/08 
G06Q20/12 
G06Q20/22 
G06Q20/40";"";"2026-04-17";"2026-04-17";"099415347";
"161";"Commodity recommendation system based on actionable high utility negative sequential rules mining and its working method";"DONG XIANGJUN [CN] 
ZHANG MENGJIAO [CN]";"UNIV QILU TECHNOLOGY [CN]";"US2022058716A1";"2020-08-18";"G06F16/23 
G06F16/2458 
G06F16/25 
G06Q10/08 
G06Q30/02 
G06Q30/06";"G06F16/2255 (KR) 
G06F16/2379 (US) 
G06F16/24565 (KR) 
G06F16/2465 (EP,KR,US) 
G06F16/258 (US) 
G06F16/9535 (KR) 
G06Q10/087 (EP,KR,US) 
G06Q30/0201 (EP,KR,US) 
G06Q30/0204 (EP,US) 
G06Q30/0631 (EP,KR,US) 
G06Q30/0633 (EP,US) 
G06Q30/0641 (KR) 
H04L67/12 (EP,US) 
H04L67/535 (EP)";"2022-02-24";"2022-02-18";"080270011";
"162";"Search word recommendation method and device and storage medium";"LIU SEN 
LUO ZHAOHUI 
JIN LINBO";"ALIBUS CHINA CO LTD";"CN114168843A 
CN114168843B";"2021-11-05";"G06Q30/06 
G06F16/9535 
G06F16/9538 
G06F3/04842 
G06F3/04847 
G06F40/216 
G06F9/451 
G06Q30/0601";"G06F16/9535 (CN) 
G06F16/9538 (CN) 
G06F3/04842 (CN) 
G06F3/04847 (CN) 
G06F40/216 (CN) 
G06F9/451 (CN) 
G06Q30/0631 (CN)";"2022-03-11 
2024-10-18";"2022-03-11";"080478125";
"163";"Big data private domain accurate user pushing method";"LI YANG";"GUANGZHOU TAOXIN INFORMATION TECH CO LTD";"CN119477472A 
CN119477472B";"2024-11-11";"G06F16/906 
G06F16/9537 
G06F40/247 
G06F40/30 
G06N3/0455 
G06N3/0464 
G06Q30/0251 
G06Q30/0601 
H04L67/306 
H04L67/55";"G06F16/906 (CN) 
G06F16/9537 (CN) 
G06F40/247 (CN) 
G06F40/30 (CN) 
G06N3/0455 (CN) 
G06N3/0464 (CN) 
G06Q30/0255 (CN) 
G06Q30/0256 (CN) 
G06Q30/0271 (CN) 
G06Q30/0631 (CN) 
H04L67/306 (CN) 
H04L67/55 (CN)";"2025-02-18 
2025-08-05";"2025-02-18";"094574401";
"164";"E-commerce scene cold start recommendation method combining meta-learning and causal inference";"ZHENG XIN";"UNIV MINNAN SCIENCE & TECHNOLOGY";"CN119741096A 
CN119741096B";"2025-03-03";"G06N3/0499 
G06N3/084 
G06N3/096 
G06N3/0985 
G06N5/025 
G06N5/04 
G06Q30/0601";"";"2025-04-01 
2025-06-20";"2025-04-01";"095130313";
"165";"E-commerce purchasing method based on intelligent software robot";"SHAO XIA 
LI JIN 
ZHAO GUOBO 
WU DI 
LEI YU 
LIU KAI 
CHEN MINGSHAN 
DAI ZHENHUA 
LI BO 
LUO LINFENG 
CHENG ZHUO";"EZHOU POWER SUPPLY COMPANY OF STATE GRID HUBEI ELECTRIC POWER CO LTD";"CN116664221A";"2023-04-22";"G06Q30/0601";"G06Q30/0601 (CN) 
G06Q30/0641 (CN)";"2023-08-29";"2023-08-29";"087726939";
"166";"Intelligent management and control method and device for leasing shopping cart, and computer storage medium";"HE ZELIN 
YOU RUILAN 
WU JIANGWEN 
MO JIANCHENG";"GUANGZHOU YANQU INFORMATION TECH CO LTD";"CN120931374A";"2025-07-23";"G06Q10/087 
G06Q30/0601 
G06Q30/0645";"G06Q10/087 (CN) 
G06Q30/0609 (CN) 
G06Q30/0637 (CN) 
G06Q30/0645 (CN)";"2025-11-11";"2025-11-11";"097583085";
"167";"Independent station commodity recommendation method and device, equipment and medium";"XU JINTIAN";"GUANGZHOU SHANGYAN NETWORK TECH CO LTD";"CN117350816A";"2023-10-24";"G06F18/213 
G06F40/289 
G06N3/042 
G06N3/045 
G06N3/048 
G06N3/084 
G06N3/09 
G06Q30/0601";"G06F18/213 (CN) 
G06F40/289 (CN) 
G06N3/042 (CN) 
G06N3/045 (CN) 
G06N3/048 (CN) 
G06N3/084 (CN) 
G06N3/09 (CN) 
G06Q30/0631 (CN) 
Y02D10/00 (EP)";"2024-01-05";"2024-01-05";"089366380";
"168";"SYSTEMS AND METHODS FOR E-COMMERCE CHECKOUT WITH DELAY LOADING OF CHECKOUT OPTIONS";"YIN WEIYI [US] 
MEHTA TEJAS [CA] 
TZAVELAS GEORGE [CA] 
GARGUL ANDREY [CA] 
DAMUS LINDA [CA]";"SHOPIFY INC [CA]";"US11853981B2 
US2023063784A1";"2021-09-02";"G06F3/0482 
G06F9/451 
G06Q20/08 
G06Q10/083 
G06Q20/12 
G06Q30/0601";"G06F16/3331 (KR) 
G06F3/0482 (US) 
G06F9/451 (US) 
G06Q10/083 (KR) 
G06Q20/02 (KR) 
G06Q20/0855 (US) 
G06Q20/405 (KR) 
G06Q30/0641 (EP) 
G06Q10/083 (US) 
G06Q20/12 (US) 
G06Q30/0601 (KR) 
G06Q30/0641 (US)";"2023-03-02 
2023-12-26";"2023-03-02";"081648222";
"169";"UNIFIED SHOPPING AND CHECKOUT SYSTEM AND METHOD FOR A MULTIPLE MERCHANT E-COMMERCE PLATFORM";"CABRERA NICHOLAS [US] 
VELAZQUEZ SERGIO [US]";"CABRERA NICHOLAS [US] 
VELAZQUEZ SERGIO [US]";"US20260127657A1";"2024-11-06";"G06Q30/0601";"G06Q30/06333 (US) 
G06Q30/0641 (US)";"2026-05-07";"2026-05-07";"099635816";
"170";"E-commerce platform commodity information display system and method based on artificial intelligence";"WEI JIANHUA";"HUAXIA WEN GUANG MEDIA GROUP CO LTD";"CN113988965A";"2021-09-28";"G06F16/9535 
G06F16/957 
G06Q30/06";"G06F16/9535 (CN) 
G06F16/957 (CN) 
G06Q30/0631 (CN) 
G06Q30/0643 (CN)";"2022-01-28";"2022-01-28";"079737073";
"171";"User analysis method and system based on big data, product and medium";"LI JIAN";"BUYILEHU YOUPENG BEIJING TECH CO LTD";"CN119904255A";"2024-12-11";"G06F18/22 
G06F18/23213 
G06F18/24 
G06F18/25 
G06N3/0442 
G06N3/0464 
G06N3/08 
G06Q30/0201 
G06Q30/0207 
G06Q30/0601";"G06F18/22 (CN) 
G06F18/23213 (CN) 
G06F18/24 (CN) 
G06F18/253 (CN) 
G06N3/0442 (CN) 
G06N3/0464 (CN) 
G06N3/08 (CN) 
G06Q30/0201 (CN) 
G06Q30/0207 (CN) 
G06Q30/0601 (CN) 
G06Q30/0631 (CN)";"2025-04-29";"2025-04-29";"095469066";
"172";"E-commerce platform system supporting multi-type commodity and service publishing and order processing";"ZHAO LIYING";"BEIJING QIANSHIHUI EDUCATION TECH CO LTD";"CN121437092A";"2025-10-20";"G06F16/22 
G06F8/30 
G06F8/70 
G06Q30/0601 
G06Q50/20";"";"2026-01-30";"2026-01-30";"098531191";
"173";"E-commerce commodity recommendation method based on big data";"LIU BOCONG 
ZHOU MENGJIAO 
GUO YU 
LIN LI";"SHENZHEN WEIYING TECH CO LTD";"CN120952921A";"2025-09-16";"G06F18/213 
G06F18/22 
G06F18/25 
G06N5/02 
G06Q30/0601";"G06F18/213 (CN) 
G06F18/22 (CN) 
G06F18/253 (CN) 
G06N5/02 (CN) 
G06Q30/0631 (CN)";"2025-11-14";"2025-11-14";"097622381";
"174";"E-commerce personalized recommendation method based on big data";"YE XIANG";"HANGZHOU LIGUAN TECH CO LTD";"CN119205276A 
CN119205276B";"2024-05-22";"G06Q30/0601";"G06Q30/0631 (CN) 
Y02D10/00 (EP)";"2024-12-27 
2025-04-22";"2024-09-03";"092525408";
"175";"METHOD, APPARATUS, AND RECORDING MEDIUM OF ENCOURAGING SIGN-UP FOR MEMBERSHIP OF E-COMMERCE SERVICE";"CHANG CATHERINE [KR] 
YOON MINJI [KR]";"COUPANG CORP [KR]";"WO2025058123A1";"2023-09-14";"G06Q30/02 
G06Q30/06";"G06Q30/02 (EP) 
G06Q30/0213 (KR) 
G06Q30/0247 (KR) 
G06Q30/0255 (KR) 
G06Q30/06 (EP) 
G06Q30/0633 (KR)";"2025-03-20";"2025-03-16";"095021490";
"176";"Cross-border e-commerce platform operation management system";"ZHU XIAOGUANG";"SUQIAN COLLEGE";"CN119558796A";"2024-11-19";"G06F18/10 
G06F18/2135 
G06F18/23 
G06F18/26 
G06Q10/10 
G06Q30/0202 
G06Q30/0601";"G06F18/10 (CN) 
G06F18/2135 (CN) 
G06F18/23 (CN) 
G06F18/26 (CN) 
G06Q10/103 (CN) 
G06Q30/0202 (CN) 
G06Q30/0601 (CN) 
G06Q30/0641 (CN)";"2025-03-04";"2025-03-04";"094737499";
"177";"METHODS AND SYSTEMS FOR AUTOMATIC PRODUCT COMPARISON";"RIM ALEXANDER [US] 
TOBLER TRENT [US] 
HARDMAN ALEXANDER [US] 
MONTESDEOCA DENISE [US] 
STAUSS TYLER [US] 
DEL RIO JOSE [US] 
JURKOWSKI KEVIN [US]";"CAPITAL ONE SERVICES LLC [US]";"US2023127769A1";"2021-07-12";"G06Q30/0207 
G06Q30/0601";"G06Q10/0875 (EP) 
G06Q30/0222 (EP,US) 
G06Q30/0613 (EP) 
G06Q30/0623 (EP) 
G06Q30/0627 (US) 
G06Q30/0629 (US) 
G06Q30/0641 (EP) 
G06Q30/0643 (US)";"2023-04-27";"2023-01-19";"079283247";
"178";"E-COMMERCE WEBSITE WITH APPROVAL AND STATUS UPDATES FROM A CUSTOMER SYSTEM";"DUMAIS SAVARD MATHIEU [CA] 
ANAND ANKUR [IN] 
JAIN VIKASH KUMAR [IN] 
PITCHUKA PRIYANKA [IN] 
MISHRA SATYA S [US] 
GOSWAMI NEHA [US]";"AMAZON TECH INC [US]";"US2022414751A1";"2021-06-29";"G06Q30/06";"G06Q30/0601 (EP) 
G06Q30/0635 (EP) 
G06Q30/0637 (EP,US) 
G06Q30/0641 (US)";"2022-12-29";"2022-12-29";"082608331";
"179";"Advertisement push optimization method and system based on e-commerce platform";"GAO LILI 
YE CHUNYAN 
HU GUIXIANG 
ZHOU XIAO 
MO LI 
HUANG LI 
CHEN QIQIANG";"YIBIN VOCATIONAL & TECHNICAL COLLEGE";"CN121352888A";"2025-03-05";"G06F18/213 
G06F18/25 
G06F18/27 
G06N3/045 
G06Q30/0241 
G06Q30/0251";"";"2026-01-16";"2026-01-16";"098396765";
"180";"Commodity sales system based on Android platform";"LIU LIJUAN 
JIA RUSHI";"UNIV DALIAN JIAOTONG";"CN115471294A";"2022-09-09";"G06K9/62 
G06Q30/06";"G06Q30/0601 (CN) 
G06Q30/0641 (CN)";"2022-12-13";"2022-12-13";"084369068";
"181";"E-commerce platform promotion method and system based on flow path analysis";"ZHOU MENGXI 
QIU HAIQIAN 
FENG LEI";"SHANGHAI KENGNU INFORMATION TECH CO LTD";"CN121391371A";"2025-10-28";"G06Q30/0201 
G06Q30/0241 
G06Q30/0251 
G06Q30/0601";"";"2026-01-23";"2026-01-23";"098465923";
"182";"Interest recommendation algorithm combined with user behavior data";"LI ZHIJUN";"SHENZHEN WOLE TRADING CO LTD";"CN119130603A";"2024-09-18";"G06F16/9535 
G06F16/9536 
G06N3/042 
G06N3/08 
G06Q30/0601";"G06F16/9535 (CN) 
G06F16/9536 (CN) 
G06N3/042 (CN) 
G06N3/08 (CN) 
G06Q30/0631 (CN) 
G06Q30/0643 (CN)";"2024-12-13";"2024-12-13";"093760289";
"183";"METHODS AND SYSTEMS FOR AUTOMATIC PRODUCT COMPARISON";"RIM ALEXANDER [US] 
TOBLER TRENT [US] 
HARDMAN ALEXANDER [US] 
MONTESDEOCA DENISE [US] 
STAUSS TYLER [US] 
DEL RIO JOSE [US] 
JURKOWSKI KEVIN [US]";"CAPITAL ONE SERVICES LLC [US]";"US11562416B1 
US2023009956A1";"2021-07-12";"G06Q30/02 
G06Q30/06";"G06Q30/0222 (EP,US) 
G06Q30/0627 (EP,US) 
G06Q30/0629 (EP,US) 
G06Q30/0643 (EP,US)";"2023-01-12 
2023-01-24";"2023-01-12";"084798836";
"184";"Intelligentes hybrides Managementsystem zur Vorhersage der Abwanderung von E-Commerce-Benutzern im E-Commerce mittels Data Mining und Deep Learning";"";"AGNIHOTRI GANESH [IN] 
ARORA GAURAV KUMAR [IN] 
CHOWDHURY SUBRATA [IN] 
MAHADEVAPPA NAGAMADHU [IN] 
NAYAK NIHAR RANJAN [IN] 
RAMANA TATHAPUDI VENKATA [IN] 
SHETTY NIYAT [IN] 
SIDDIQUI AHMAD TASNIM [IN] 
SINGH ARUN KUMAR [IN] 
SURYAVANSHI RAGHURAJ SINGH [IN] 
TALUKDAR VEERA [IN] 
UPPATHIL MOHAMMED ROSHIF [IN] 
URKUDE ASHISH MANOHAR [IN]";"DE202022100697U1";"2022-02-07";"G06Q10/04 
G06Q30/02";"G06Q30/02 (EP) 
G06Q30/0201 (EP) 
G06Q30/0202 (EP)";"2022-02-17";"2022-02-17";"080624798";
"185";"Pre-warehouse inventory management method based on e-commerce platform same-warehouse substitute recommendation strategy";"ZHAO JU 
HE XIN 
XIE QIANGQIANG 
LI MINGZE";"UNIV HEFEI TECHNOLOGY";"CN117893134A";"2024-01-17";"G06Q10/087 
G06Q30/0202 
G06Q30/0601";"G06Q10/087 (CN) 
G06Q30/0202 (CN) 
G06Q30/0605 (CN) 
G06Q30/0631 (CN)";"2024-04-16";"2024-04-16";"090650404";
"186";"E-commerce data intelligent classification recommendation method and system based on artificial intelligence";"ZHAO GUANG";"BEIJING DANBAO NETWORK TECH CO LTD";"CN118822698A 
CN118822698B";"2024-09-19";"G06F18/23 
G06F18/24 
G06Q30/0201 
G06Q30/0202 
G06Q30/0601";"G06F18/23 (CN) 
G06F18/24 (CN) 
G06Q30/0201 (CN) 
G06Q30/0202 (CN) 
G06Q30/0625 (CN) 
G06Q30/0631 (CN)";"2024-10-22 
2024-11-26";"2024-10-22";"093071014";
"187";"Customizable intelligent new retail system";"SONG MINGYAN";"INSPUR HAILIAN YIMAO SHANDONG INFORMATION TECH CO LTD";"CN117764665A";"2023-10-30";"G06Q10/0631 
G06Q10/087 
G06Q30/0201 
G06Q30/0207 
G06Q30/0251 
G06Q30/0601 
G06Q40/12";"";"2024-03-26";"2024-03-26";"090318947";
"188";"Human-computer interaction method based on e-commerce platform";"LIU HUI";"GUICHANG GROUP CO LTD";"CN120832020A";"2025-07-08";"G06F18/22 
G06F3/01 
G06Q30/0601";"G06F18/22 (CN) 
G06F3/011 (CN) 
G06Q30/0631 (CN) 
G06Q30/0641 (CN) 
Y02D10/00 (EP)";"2025-10-24";"2025-10-24";"097397729";
"189";"E-commerce content recommendation system based on AI and big data analysis";"LI ZHIKUN 
WU XUANPING 
ZHONG LIANFENG 
LI SHA";"DAOGE YUANCHUANG FUJIAN CULTURAL AND CREATIVE CO LTD";"CN117131261A";"2023-07-10";"G06F16/9535 
G06N3/04 
G06N3/0442 
G06N3/0464 
G06N3/092 
G06Q30/0601";"G06F16/9535 (CN) 
G06N3/0442 (CN) 
G06N3/0463 (CN) 
G06N3/0464 (CN) 
G06N3/092 (CN) 
G06Q30/0631 (CN)";"2023-11-28";"2023-11-28";"088851682";
"190";"Electronic commerce integrated order management system";"HU HAILONG";"CHONGQING JIAZHILING E COMMERCE CO LTD";"CN121032384A";"2025-06-30";"G06Q10/0637 
G06Q10/087 
G06Q30/0202 
G06Q30/0601";"G06Q10/0637 (CN) 
G06Q10/087 (CN) 
G06Q30/0202 (CN) 
G06Q30/0633 (CN)";"2025-11-28";"2025-11-28";"097765886";
"191";"E-commerce product information recommendation method and system based on big data model";"WU PENGYUE 
ZHOU HUIJIE 
LI ZHI";"COLLEGE OF SCIENCE & TECHNOLOGY NINGBO UNIV";"CN119831679A";"2024-12-11";"G06F16/9535 
G06F17/16 
G06F18/22 
G06Q30/0601";"";"2025-04-15";"2025-04-15";"095291152";
"192";"Commodity recommendation method and system based on collaborative filtering model";"SUN XIAOHAN";"BEIJING QUANSU ONLINE TECH CO LTD";"CN116701780A 
CN116701780B";"2023-06-07";"G06F16/2458 
G06F16/9536 
G06F18/10 
G06F18/213 
G06F18/214 
G06N20/00 
G06Q30/0601";"G06F16/2465 (CN) 
G06F16/9536 (CN) 
G06F18/10 (CN) 
G06F18/213 (CN) 
G06F18/214 (CN) 
G06N20/00 (CN) 
G06Q30/0631 (CN)";"2023-09-05 
2026-05-12";"2023-09-05";"087840468";
"193";"E-commerce platform data processing system and method";"DUAN DEGUO 
LIU HAO 
KONG WEIHONG 
ZHANG YANG";"AIPU KECHUANG SHANDONG CO LTD";"CN121366005A";"2025-11-05";"G06Q30/0226 
G06Q30/0251 
G06Q30/0601 
G06Q50/26";"";"2026-01-20";"2026-01-20";"098417942";
"194";"DYNAMIC PRICING OF PRODUCTS IN E-COMMERCE USING ENSEMBLE OF CONTEXTUAL BANDITS";"SETHURAMAN SRIVIDHYA [IN] 
GOVINDARAJU UMA MAHESWARI [IN] 
RAMANAN SHARADHA [IN] 
KUMAR SUNNY [IN] 
THOMBRE SIDDHESH SUNIL [IN] 
PATEL VIKASH [IN]";"TATA CONSULTANCY SERVICES LTD [IN]";"US2025165999A1";"2023-11-17";"G06N20/20 
G06Q30/0201";"G06N20/20 (EP,US) 
G06N3/08 (EP) 
G06N7/01 (EP) 
G06Q30/0202 (EP) 
G06Q30/0206 (EP,US) 
G06Q30/0283 (EP)";"2025-05-22";"2025-05-21";"093521610";
"195";"E-commerce simulation training platform";"RAO LEI 
WANG LIANGYI 
DONG CHENGLIN 
MAO KE 
ZHANG YINHU";"CHANGSHA TAILING EDUCATION SCIENCE AND TECH CO";"CN114580903A";"2022-03-04";"G06Q10/06 
G06Q50/20";"G06Q10/06311 (CN) 
G06Q10/06315 (CN) 
G06Q50/205 (CN)";"2022-06-03";"2022-06-03";"081772480";
"196";"EDGE WEIGHT BASED COMPUTER MODELS FOR ITEM RECOMMENDATION";"JETTY RAJASEKHAR [US] 
SHARMA NEERAJ [US] 
VAIDYA IESHAN A [US] 
DOMLUR SEETHARAMA YOGANANDA [US] 
HO CHI-SAN [US] 
GUPTA ANKIT [US] 
DOMLUR SEETHARAMA YOGANANDA [CA]";"WALMART APOLLO LLC [US]";"US12591919B2 
US2025245722A1";"2024-01-31";"G06Q30/02 
G06Q30/0201 
G06Q30/0601";"G06Q30/0201 (EP,US) 
G06Q30/0281 (EP,US) 
G06Q30/0631 (EP,US)";"2025-07-31 
2026-03-31";"2025-07-31";"096501453";
"197";"Commodity comparison method, commodity interaction method and respective corresponding devices";"YI QI";"XIAOHONGSHU TECH CO LTD";"CN119228480A";"2024-08-21";"G06F3/04847 
G06F3/04883 
G06Q30/0601";"G06F3/04847 (CN) 
G06F3/04883 (CN) 
G06Q30/0629 (CN) 
G06Q30/0635 (CN) 
G06Q30/0643 (CN)";"2024-12-31";"2024-12-31";"094069473";
"198";"Commodity information recommendation method and device for electronic shopping mall, and medium";"ZHENG JIANYANG 
CHEN RENJIE";"XIAMEN LEELEN TECH CO LTD";"CN115983950A 
CN115983950B";"2023-03-17";"G06F16/2457 
G06F16/951 
G06F16/9536 
G06Q30/0601";"Y02D10/00 (EP)";"2023-04-18 
2023-10-27";"2023-04-18";"085970840";
"199";"E-commerce platform commodity recommendation method and system based on user preference analysis";"ZHOU ZHOU 
TANG XIAOFENG 
YAN HONGYU 
WANG TAO 
SONG YANG";"BEIJING PINNUO YOUCHUANG TECH CO LTD";"CN119398864A 
CN119398864B";"2024-10-14";"G06F18/24 
G06F18/25 
G06N3/045 
G06N3/092 
G06Q30/0601";"G06F18/24 (CN) 
G06F18/253 (CN) 
G06N3/045 (CN) 
G06N3/092 (CN) 
G06Q30/0631 (CN)";"2025-02-07 
2025-05-02";"2025-02-07";"094421485";
"200";"Live broadcast e-commerce intelligent management platform and method based on big data";"QU XINYU";"NANJING WANGHUI TECH CO LTD";"CN119130599A";"2024-09-11";"G06N20/20 
G06Q30/0601 
H04N21/2187";"G06N20/20 (CN) 
G06Q30/0631 (CN) 
H04N21/2187 (CN)";"2024-12-13";"2024-12-13";"093769560";
"201";"Interaction information management method and system for smart cloud platform";"WANG JINCONG 
WU WEI 
MAI XIAOHONG";"GUANGZHOU QUMI NETWORK TECH CO LTD";"CN119648349A 
CN119648349B";"2025-02-20";"G06F18/22 
G06F18/25 
G06N3/048 
G06N3/0499 
G06Q30/0251 
G06Q30/0601";"Y02D10/00 (EP)";"2025-03-18 
2025-04-29";"2025-03-18";"094947913";
"202";"E-commerce commodity recommendation system based on causal inference depolarization";"CHEN YIJING";"ZHONGMIAN RISHANG INTERCONNECTION TECH CO LTD";"CN117745391A";"2023-12-26";"G06N3/08 
G06Q30/0201 
G06Q30/0601";"";"2024-03-22";"2024-03-22";"090250852";
"203";"E-commerce platform sequence recommendation method based on sampling reconstruction contrast learning";"ZHOU YANBO 
GUO XU 
YANG XUHUA 
XU XINLI";"UNIV ZHEJIANG TECHNOLOGY";"CN119477488A 
CN119477488B";"2025-01-15";"G06N3/0895 
G06Q30/0251 
G06Q30/0601";"G06N3/0895 (CN) 
G06Q30/0256 (CN) 
G06Q30/0631 (CN)";"2025-02-18 
2025-05-06";"2025-02-18";"094592624";
"204";"E-commerce platform operation system based on intelligent decision and dynamic optimization";"LIANG ZHIBIN 
WANG KEZHENG 
XIONG YAN 
TANI TOSHIHIDE";"BEIJING XINJIACHUN TECH CO LTD";"CN120410676A";"2025-04-19";"G06N3/0442 
G06N3/092 
G06N5/022 
G06Q30/0202 
G06Q30/0601";"G06N3/0442 (CN) 
G06N3/092 (CN) 
G06N5/022 (CN) 
G06Q30/0202 (CN) 
G06Q30/0601 (CN) 
G06Q30/0631 (CN)";"2025-08-01";"2025-08-01";"096514908";
"205";"METHOD AND SYSTEM FOR PERSONALIZED SUBSTITUTE PRODUCT RECOMMENDATION";"GUBBI LAKSHMINARASIMHA JAYAVARDHANA RAMA [IN] 
BHATTACHARYA GAURAB [IN] 
PURUSHOTHAMAN BALAMURALIDHAR [IN] 
VASUDEVAN BAGYALAKSHMI [IN] 
KILARI NIKHIL [IN]";"TATA CONSULTANCY SERVICES LTD [IN]";"US12346951B2 
US2023162260A1";"2021-11-19";"G06Q30/06 
G06F16/56 
G06Q30/00 
G06Q30/0601";"G06F16/532 (EP) 
G06F16/535 (EP) 
G06F16/538 (EP) 
G06F16/56 (US) 
G06F16/583 (EP) 
G06F16/9535 (EP) 
G06N3/045 (EP) 
G06N3/0464 (EP) 
G06Q30/0621 (EP,US) 
G06Q30/0631 (EP,US) 
G06V10/82 (EP) 
G06N3/048 (EP) 
G06N3/082 (EP)";"2023-05-25 
2025-07-01";"2023-05-24";"083902825";
"206";"Electronic commerce network shopping terminal for general merchandise retail industry";"ZHANG CHI";"ZHONGCHENG WARRANTY FREE PRODUCT CHONGQING SUPPLY CHAIN MAN LIMITED COMPANY";"CN216070138U";"2021-08-06";"B62B3/14 
B62B5/00";"";"2022-03-18";"2022-03-18";"080668134";
"207";"Commodity search system and related advertisement displaying method thereof";"YANG SHENG-MIN [TW]";"PCHOME ONLINE INC [TW]";"TW202418106A 
TWI858419B";"2022-10-27";"G06F16/338 
G06F16/383 
G06Q30/06";"";"2024-05-01 
2024-10-11";"2024-05-01";"092074304";
"208";"E-commerce consumption path prediction and loss early warning system based on multi-modal fusion";"LIU CHAO 
ZHANG ZHENHUA 
CUI CHAOQUN 
LIU WENHAO";"SHANDONG QINGQIAO INFORMATION TECH CO LTD";"CN121329488A";"2025-10-21";"G06F18/21 
G06F18/241 
G06F18/25 
G06N3/045 
G06N3/0455 
G06N3/048 
G06N5/025 
G06Q30/0202 
G06Q30/0203 
G06Q30/0601";"";"2026-01-13";"2026-01-13";"098340911";
"209";"E-commerce platform system based on Internet of Things";"XIA SHUQIN 
ZHANG CHENG 
ZUO BO";"SHENZHEN CNET SOFTWARE CO LTD";"CN118071454A";"2024-03-04";"G06Q10/10 
G06Q30/0601 
G07C11/00 
G16Y10/45";"G06Q10/103 (CN) 
G06Q30/0601 (CN) 
G06Q30/0631 (CN) 
G06Q30/0635 (CN) 
G07C11/00 (CN) 
G16Y10/45 (CN) 
G07C2011/04 (CN)";"2024-05-24";"2024-05-24";"091105471";
"210";"Automatically Populating Shopping Cart from Electronic Shopping List";"RUHTER ALEX [US]";"CABAIRE LLC [US]";"US2024232985A1";"2023-01-06";"G06Q30/0601";"G06Q30/0633 (EP,US) 
G06Q30/0643 (EP,US)";"2024-07-11";"2024-07-11";"091761648";
"211";"E-commerce big data processing method and system based on deep learning";"WANG CHUNHUA 
CHEN FEI 
YAN MENGZHU 
LI XUAN";"ZHENGZHOU GAOYUMEI INFORMATION TECH CO LTD";"CN118279019A";"2024-04-09";"G06F18/213 
G06F18/214 
G06F18/2411 
G06Q30/0601";"G06F18/213 (CN) 
G06F18/214 (CN) 
G06F18/2411 (CN) 
G06Q30/0631 (CN)";"2024-07-02";"2024-07-02";"091647926";
"212";"Multi-round interactive recommendation system and method for e-commerce shopping guide assistant";"SHEN ZHENLEI 
TIAN CHUNYAN 
TANG JIAN 
CHENG XINGCHENG";"ZHONGMIAN RISHANG INTERCONNECTION TECH CO LTD 
CHINA TOURISM GROUP ZHONGMIAN CO LTD";"CN121685072A";"2026-02-11";"G06F18/2431 
G06N5/01 
G06Q30/015 
G06Q30/0601";"";"2026-03-17";"2026-03-17";"099042442";
"213";"CO-PURCHASING SYSTEM & METHOD";"HANN MARK [US] 
STARK JAMES [US]";"SPLITCART LLC [US]";"WO2023039002A1 
WO2023039002A9";"2021-09-07";"G06Q20/10 
G06Q20/12 
G06Q20/14 
G06Q30/06";"G06Q20/102 (EP) 
G06Q20/12 (EP) 
G06Q20/14 (EP) 
G06Q30/06 (EP) 
G06Q30/0641 (EP)";"2023-03-16 
2023-11-02";"2023-03-16";"083508611";
"214";"Commodity sales management method and system based on e-commerce platform";"GUO MEILI 
LIU KEFENG";"SHENZHEN CO SIGN E COMMERCE LTD COMPANY";"CN114581204A";"2022-04-28";"G06F16/9536 
G06Q30/06";"G06F16/9536 (CN) 
G06Q30/0601 (CN) 
G06Q30/0631 (CN) 
G06Q30/0635 (CN)";"2022-06-03";"2022-06-03";"081778536";
"215";"Live broadcast interaction method and device, equipment, storage medium and program product";"WANG HUAN 
LUO JINGKE";"SHUXING TECH BEIJING CO LTD";"CN121309914A";"2024-05-31";"G06F18/23 
G06F3/04817 
G06F3/0488 
H04N21/2187 
H04N21/431 
H04N21/478 
H04N21/4788 
H04N21/81";"G06F18/23 (CN) 
G06F3/04817 (CN) 
G06F3/0488 (CN) 
H04N21/2187 (CN) 
H04N21/4312 (CN) 
H04N21/47815 (CN) 
H04N21/4788 (CN) 
H04N21/8133 (CN)";"2026-01-09";"2024-08-27";"092451654";
"216";"AI interaction method and system for shopping video of e-commerce independent station";"CHEN GUANG 
WANG XINHAN 
FAN PENG 
JIANG ZHUO";"BEIJING KUAINIU ZHIYING TECH CO LTD";"CN119046530A";"2024-08-07";"G06F16/906 
G06F16/9535 
G06F16/957 
G06N20/00 
G06Q30/0601";"G06F16/906 (CN) 
G06F16/9535 (CN) 
G06F16/957 (CN) 
G06N20/00 (CN) 
G06Q30/0641 (CN)";"2024-11-29";"2024-11-29";"093578938";
"217";"Cross-border e-commerce big data analysis system applied to digital economy";"LIAO XIAOSHUN 
LUO BIN 
LUO SHUMIN";"JINJIANG KUTIAN TRADING CO LTD";"CN118134611A 
CN118134611B";"2024-05-08";"G06Q30/0201 
G06Q30/0601";"G06Q30/0201 (CN) 
G06Q30/0631 (CN) 
G06Q30/0641 (CN) 
Y02D10/00 (EP)";"2024-06-04 
2024-07-09";"2024-06-04";"091240773";
"218";"E-commerce marketing optimization system based on AI";"YU LINYI";"BEIJING SENBO MINGDE MARKETING TECH CO LTD";"CN119379338A";"2024-12-30";"G06F18/213 
G06F18/241 
G06F18/2433 
G06Q10/04 
G06Q30/0201";"G06F18/213 (CN) 
G06F18/241 (CN) 
G06F18/2433 (CN) 
G06Q10/04 (CN) 
G06Q30/0201 (CN)";"2025-01-28";"2025-01-28";"094329199";
"219";"Industrial e-commerce platform based on industrial materials";"ZHONG XIANWEN 
MEI ZIYANG 
QU KUAN 
WU JIA 
ZHONG LIAN";"SICHUAN ENBONA DATA TECH CO LTD";"CN119168747A";"2024-09-20";"G06Q30/0601 
G06Q40/04";"G06Q30/0605 (CN) 
G06Q30/0611 (CN) 
G06Q40/04 (CN) 
Y02P90/30 (EP)";"2024-12-20";"2024-12-20";"093891018";
"220";"METHODS FOR MANAGING VIRTUAL SHOPPING CARTS";"SCANTLEBURY DAVID [CA] 
GO GYO-BIN [CA] 
KOOPFERSTOCK JOSHUA [CA] 
HOUGHTON DAVID-JAMES [CA] 
SECHAN GABRIEL [US]";"SHOPIFY INC [CA]";"US2023410137A1";"2022-06-15";"G06Q30/02 
G06Q30/06";"G06Q30/0211 (EP,US) 
G06Q30/0633 (EP,US)";"2023-12-21";"2023-12-15";"089158701";
"221";"E-commerce data storage platform based on big data analysis";"CHEN YUXIANG 
LIN WEISHENG 
LIN JIAYING 
AN XIAOYU";"SHENZHEN QIAKE TECH CO LTD";"CN116342230A 
CN116342230B";"2023-05-31";"G06F16/215 
G06F16/22 
G06F16/2457 
G06Q30/0201 
G06Q30/0601";"G06F16/215 (CN) 
G06F16/2282 (CN) 
G06F16/2457 (CN) 
G06Q30/0201 (CN) 
G06Q30/0631 (CN) 
Y02D10/00 (EP)";"2023-06-27 
2023-08-08";"2023-06-27";"086880818";
"222";"APPARATUS METHOD AND RECORDING MEDIUM STORING INSTRUCTIONS FOR PERFORMING PERSONALIZED ACTION";"AHN MINKYOUNG 
PARK MANSOO";"GMARKET INC [KR]";"KR20240058254A";"2022-10-26";"G06N20/00 
G06Q30/02";"G06N20/00 (KR) 
G06Q30/0201 (KR) 
G06Q30/0267 (KR) 
G06Q30/0271 (KR) 
G06Q30/0272 (KR)";"2024-05-03";"2024-05-03";"091077558";
"223";"Interactive intelligent shopping cart";"ZHANG JINGYI 
ZHENG HONGMEI 
ZHU XUEWEI 
LU JIAWEI 
YANG LEI 
TIAN YAWEN 
ZHANG CHENHUI";"UNIV HEFEI TECHNOLOGY";"CN217034863U";"2022-03-16";"B62D63/02 
B62D63/04 
G06K17/00 
G07F7/06 
G07G1/00 
G07G1/14 
H04W4/029";"";"2022-07-22";"2022-07-22";"082456105";
"224";"E-commerce order management system";"HONG DENGXIANG";"WUXI GUANYUN INFORMATION TECH CO LTD";"CN117710057A";"2023-12-25";"G06Q10/087 
G06Q30/016 
G06Q30/0601";"G06Q10/087 (CN) 
G06Q30/016 (CN) 
G06Q30/0635 (CN) 
G06Q30/0643 (CN)";"2024-03-15";"2024-03-15";"090163472";
"225";"E-commerce network commodity recommendation method and system";"DU HANGYUAN 
BAI XUE 
BAI LIANG 
WANG WENJIAN";"UNIV SHANXI";"CN115170227A";"2022-06-27";"G06F16/9535 
G06F16/9536 
G06Q30/06";"G06F16/9535 (CN) 
G06F16/9536 (CN) 
G06Q30/0631 (CN)";"2022-10-11";"2022-10-11";"083489472";
"226";"Catering service management system and device based on SAAS platform";"WANG YOUYUN";"QIMAI TECH CO LTD";"CN118134703A 
CN118134703B";"2024-05-06";"G06F18/241 
G06Q10/02 
G06Q10/0631 
G06Q10/10 
G06Q30/0601 
G06Q50/12";"G06F18/241 (CN) 
G06Q10/02 (CN) 
G06Q10/06311 (CN) 
G06Q10/06316 (CN) 
G06Q10/103 (CN) 
G06Q30/0631 (CN) 
G06Q50/12 (CN)";"2024-06-04 
2024-07-30";"2024-06-04";"091238145";
"227";"Intelligent customer service session processing method and device and program product";"";"SHANGHAI I USE TECH CO LTD";"CN119719315A";"2025-02-26";"G06F16/3329 
G06F16/3332 
G06F16/334 
G06N5/04 
G06Q30/015";"G06F16/3329 (CN) 
G06F16/3334 (CN) 
G06F16/3344 (CN) 
G06N5/041 (CN) 
G06Q30/015 (CN) 
Y02D10/00 (EP)";"2025-03-28";"2025-03-28";"095102382";
"228";"Commodity recommendation method and device, electronic equipment and storage medium";"DOU LIXIANG";"AGRICULTURAL BANK CHINA";"CN117611292A";"2023-12-05";"G06Q30/0201 
G06Q30/0601";"G06Q30/0201 (CN) 
G06Q30/0631 (CN)";"2024-02-27";"2024-02-27";"089949729";
"229";"User portrait system of e-commerce re-purchase behavior based on big data";"SONG PEISEN 
CHEN CHEN 
LONG HAO";"YUZHOU INDUSTRIAL OCCUPATIONAL TECH COLLEGE";"CN114511378A";"2022-01-20";"G06K9/62 
G06Q30/02 
G06Q30/06";"G06F18/23 (CN) 
G06F18/24 (CN) 
G06Q30/0201 (CN) 
G06Q30/0631 (CN)";"2022-05-17";"2022-05-17";"081550387";
"230";"E-commerce platform resource promotion system";"LIAO WANJIN";"GUANGDONG HUIQIAO TECH CO LTD";"CN118333711A";"2024-03-21";"G06F18/22 
G06Q30/0241 
G06Q30/0251 
G06Q30/0601";"G06F18/22 (CN) 
G06Q30/0271 (CN) 
G06Q30/0277 (CN) 
G06Q30/0631 (CN)";"2024-07-12";"2024-07-12";"091764913";
"231";"Commodity recommendation method and device for e-commerce platform, and readable storage medium";"WANG CHANG'AN 
SHI BINBIN 
LI QIANG 
YANG FAN 
WU GUANG 
TANG HAO";"CHINA UNICOM 
CHINA UNICOM SHAANXI IND INTERNET CO LTD";"CN120298077A";"2025-04-01";"G06N5/022 
G06N5/04 
G06Q30/0601";"G06N5/022 (CN) 
G06N5/041 (CN) 
G06Q30/0631 (CN)";"2025-07-11";"2025-07-11";"096283464";
"232";"Dynamic multi-objective optimization method and device applied to e-commerce recommendation system";"LI LI 
QI BINCHUAN 
GONG WEI 
XU JIA";"UNIV TONGJI";"CN117010554A 
CN117010554B";"2023-07-03";"G06F30/27 
G06N3/084 
G06Q10/04 
G06Q30/0601 
G06F111/06";"G06F30/27 (CN) 
G06N3/084 (CN) 
G06Q10/04 (CN) 
G06Q30/0601 (CN) 
G06F2111/06 (CN)";"2023-11-07 
2024-06-25";"2023-11-07";"088566418";
"233";"E-commerce platform page display method and electronic equipment";"ZHANG JIAN 
LI YANXIA";"BEIJING GUOLIAN SHIXUN INFORMATION TECH CO LTD";"CN118037386A";"2024-01-15";"G06F18/21 
G06F18/214 
G06F18/243 
G06Q30/0601";"G06F18/21 (CN) 
G06F18/214 (CN) 
G06F18/24323 (CN) 
G06Q30/0631 (CN) 
G06Q30/0643 (CN)";"2024-05-14";"2024-05-14";"090998038";
"234";"SYSTEM AND METHOD FOR FACILITATING E-COMMERCE TRANSACTION USING AN INTERACTIVE SUPPORT AGENT PLATFORM";"SENTHIL KUMAR N [US]";"1CLICKPAY INC [US]";"US11449912B1 
US2022318871A1";"2021-04-06";"G06Q30/04 
G06Q30/06 
G06Q30/00";"G06Q30/04 (EP,US) 
G06Q30/0613 (EP,US) 
G06Q30/0633 (EP,US) 
G06Q30/0603 (EP,US)";"2022-10-06 
2022-09-20";"2022-09-20";"083286480";
"235";"Intelligent operation system of cross-border e-commerce platform";"ZHAO SHENG";"HEBEI VOCATIONAL AND TECHNICAL UNIV OF SCIENCE AND TECHNOLOGY & ENGINEERING";"CN119963295A";"2025-03-31";"G06F18/22 
G06F18/23 
G06Q10/04 
G06Q10/0835 
G06Q10/087 
G06Q30/0601";"Y02D10/00 (EP)";"2025-05-09";"2025-05-09";"095597257";
"236";"METHOD FOR PROVIDING INTEGRATED SHOPPING CART SERVICE";"MOON SAE GIL [KR]";"MOON SAE GIL [KR]";"KR102878067B1 
KR20250025803A";"2023-08-16";"G06F16/951 
G06Q30/06";"G06F16/951 (KR) 
G06Q30/0605 (KR) 
G06Q30/0613 (KR) 
G06Q30/0625 (KR) 
G06Q30/0633 (KR)";"2025-02-25 
2025-10-28";"2025-02-25";"094822347";
"237";"Cross-border e-commerce transaction recommendation method and system based on Internet";"LIU TIANTIAN";"LIU TIANTIAN";"CN114398548A";"2022-01-12";"G06F16/9535 
G06Q30/06 
G06Q40/04";"G06F16/9535 (CN) 
G06Q30/0631 (CN) 
G06Q40/04 (CN)";"2022-04-26";"2022-04-26";"081231508";
"238";"AUTOMATED REPLENISHMENT SHOPPING PLATFORM";"FURPHY THOMAS W [US] 
LEIGH WILLIAM JUSTIN [US] 
BASHIR UMAIR [US]";"REPLENIUM INC [US]";"US2022198483A1";"2020-12-18";"G06N20/00 
G06Q10/08 
G06Q30/02 
G06Q30/06 
G06Q50/04";"G06N20/00 (US) 
G06Q10/0838 (EP,US) 
G06Q10/0875 (EP,US) 
G06Q30/0202 (EP,US) 
G06Q30/0222 (EP,US) 
G06Q30/0223 (EP,US) 
G06Q30/0226 (EP,US) 
G06Q30/0239 (EP,US) 
G06Q30/0631 (EP,US) 
G06Q30/0633 (EP,US) 
G06Q50/04 (EP,US) 
G06N5/01 (EP) 
Y02P90/30 (EP)";"2022-06-23";"2022-06-23";"082023641";
"239";"RECIPE SCANNER AND SHOPPING CART GENERATOR";"LAPIERRE NATHAN GERARD [CA] 
NAMBI BALAJI [US] 
SAKSENA NITIN [US] 
HIGGINS LAURA [US] 
WANG GUANGCHEN [CA] 
CROWE JEFFREY [CA]";"ALBERTSONS COMPANIES INC [US]";"US2025225569A1";"2024-01-09";"G06F40/40 
G06Q30/0601 
G06V30/142 
G06V30/19";"G06F40/40 (EP,US) 
G06Q30/0633 (EP) 
G06Q30/0635 (EP,US) 
G06V30/142 (EP,US) 
G06V30/19007 (EP,US) 
G06Q30/0603 (EP,US) 
G06Q30/0641 (EP,US)";"2025-07-10";"2025-07-10";"096264071";
"240";"Method for reducing SKU total quantity massive explosion in customized commodity vertical e-commerce field";"YAN XIAOYING 
YUAN YAN 
MORIKAWA";"SHANGHAI CUNXIN ORIGINALITY TECH CO LTD";"CN116029791A";"2023-02-04";"G06Q30/0601";"";"2023-04-28";"2023-04-28";"086079252";
"241";"Online and offline e-commerce service method and system";"JING YUNLONG";"HUNAN XISHI NETWORK TECH CO LTD";"CN117934123A";"2024-03-22";"G06Q10/0835 
G06Q30/0201 
G06Q30/0601";"G06Q10/08355 (CN) 
G06Q30/0201 (CN) 
G06Q30/0631 (CN) 
G06Q30/0635 (CN) 
G06Q30/0641 (CN)";"2024-04-26";"2024-04-26";"090770665";
"242";"Auf künstlicher Intelligenz und Blockchain basierendes System zur Verwaltung von E-Commerce Big Data für die logistische Lieferkette";"";"ALSHUDUKHI JALAWI SULAIMAN [SA] 
YADAV KUSUM [SA]";"DE202022106989U1";"2022-12-14";"G06Q10/08 
G06Q30/00 
G06Q30/02";"G06Q10/08 (EP) 
G06Q30/0201 (EP) 
G06Q30/0601 (EP) 
G06Q2220/00 (EP)";"2023-01-12";"2023-01-12";"085132373";
"243";"E-commerce platform management system based on big data";"QI JIE";"LIANDUODUO INFORMATION TECH CHONGQING CO LTD";"CN117952720A";"2024-02-22";"G06F16/951 
G06F16/954 
G06Q30/0201 
G06Q30/0601";"G06F16/951 (CN) 
G06F16/954 (CN) 
G06Q30/0201 (CN) 
G06Q30/0629 (CN) 
G06Q30/0631 (CN) 
Y02D10/00 (EP)";"2024-04-30";"2024-04-30";"090802981";
"244";"Target-oriented e-commerce advertisement pushing method based on AI";"ZHU ZHIHUI 
XIANG LING";"GUANGZHOU MARITIME INST";"CN117333233A";"2023-10-16";"G06N20/00 
G06Q30/0241 
G06Q30/0242 
G06Q30/0251";"G06N20/00 (CN) 
G06Q30/0242 (CN) 
G06Q30/0271 (CN) 
G06Q30/0277 (CN)";"2024-01-02";"2024-01-02";"089295035";
"245";"Cross-platform product recommendation system";"HE YING-QI [TW] 
LI KUN-MOU [TW] 
XIE ZI-CHEN [TW] 
ZHENG YI-WEN [TW] 
YANG JI-SHENG [TW] 
HONG YI-SHU [TW]";"91APP TAIWAN INC [TW]";"TWM675367U";"2025-06-03";"G06Q30/00";"";"2025-10-01";"2025-10-01";"098262184";
"246";"GENERATIVE ARTIFICIAL INTELLIGENCE PERSONALIZATION ENGINE IN AN ITEM LISTING SYSTEM";"SIPE III RICHARD VANCE [US] 
SPRAGUE COREY ALAN [US] 
ZADORSKII MAKSIM [US] 
BRADSHAW NICKALAS N [US] 
BOEDIGHEIMER LAUREN ELIZABETH [US] 
JONES RYAN DANIEL [US] 
NI YAN [US]";"EBAY INC [US]";"US2025022027A1";"2023-07-12";"G06F40/40 
G06Q30/0601";"G06F40/40 (EP) 
G06Q30/0621 (EP) 
G06Q30/0625 (EP,US) 
G06Q30/0627 (EP,US) 
G06Q30/0629 (EP,US) 
G06Q30/0631 (EP,US) 
G06Q30/0643 (EP) 
G07C5/0808 (EP)";"2025-01-16";"2025-01-16";"094211389";
"247";"Article recommendation method and article recommendation device";"ZHANG HONGJIAO";"BEIJING WODONG TIANJUN INFORMATION TECHNOLOGY CO LTD 
BEIJING JINGDONG CENTURY TRADING CO LTD";"CN119107161A";"2024-09-20";"G06Q30/0601 
G06T19/20";"";"2024-12-10";"2024-12-10";"093715272";
"248";"E-commerce design automation workflow optimization system";"YU LINYI";"SHANGHAI HAIPAI LINGKE CULTURE TECH CO LTD";"CN120106906A";"2025-02-14";"G06Q10/0633 
G06Q30/0241";"G06Q10/0633 (CN) 
G06Q30/0276 (CN)";"2025-06-06";"2025-06-06";"095878330";
"249";"E-commerce order management system";"ZHANG WEI 
WANG XIAO 
ZHANG HONGMIN";"INNER MONGOLIA AIYANGNIU TECH CO LTD";"CN119784459A";"2024-11-22";"G06F17/18 
G06Q10/0639 
G06Q30/0601";"";"2025-04-08";"2025-04-08";"095239231";
"250";"Medicine recommendation model training method and device, equipment and storage medium";"XIE FANGMIN 
ZHOU FENG 
GUO ZHI 
LU LEHENG 
WU SHIZHI";"GUANGZHOU ARK INFORMATION TECH CO LTD";"CN119338557A";"2024-10-16";"G06F18/213 
G06F18/214 
G06F18/24 
G06N3/08 
G06Q30/0601";"G06F18/213 (CN) 
G06F18/214 (CN) 
G06F18/24 (CN) 
G06N3/08 (CN) 
G06Q30/0631 (CN) 
Y02A90/10 (EP)";"2025-01-21";"2025-01-21";"094263722";