name,group,platform,geography,revenue_eur_bn,launch_year,x_pos,y_pos,bubble_size,sources
METRO M|Shop,METRO (reference),Companion app for cash-and-carry stores (single-supplier own catalog),Europe (~30 countries),31.0,2017,-0.62,-0.45,400,"https://newsroom.metroag.de; https://stories.metroag.de/en/movingboundaries/a-single-click-for-everything"
METRO MARKETS,METRO (reference),Hybrid B2B marketplace (METRO catalog + 3rd-party vendors),Germany + EU rollout (DE/ES/IT/PT/NL/FR),31.0,2019,0.58,-0.40,400,"https://metro-markets.de/; https://newsroom.metroag.de/en/news/metro-launches-online-marketplace-for-restaurateurs; https://freiheit.com/what-we-do/case-studies/case-study-metro/"
Sysco Shop / MySysco,Incumbent B2B foodservice,Own-catalog B2B e-commerce + mobile ordering app,US-led + UK/EU via Brakes & Davigel,37.0,2014,-0.80,-0.75,400,"https://www.digitalcommerce360.com/2024/05/23/digital-plays-a-critical-role-in-syscos-recipe-for-growth/; https://www.mirakl.com/blog/syscos-new-mirakl-powered-marketplace-launches-with-over-15-000-third-party-products"
Sysco Marketplace,Incumbent B2B foodservice,Mirakl-powered hybrid marketplace (15k+ 3rd-party SKUs launched May 2024),US (rolling out),37.0,2024,0.45,-0.78,400,"https://www.mirakl.com/blog/syscos-new-mirakl-powered-marketplace-launches-with-over-15-000-third-party-products; https://goflow.com/integrations/sysco"
Bidfood (Bidcorp),Incumbent B2B foodservice,eBidfood / Bidfood Direct e-commerce platform (single-supplier),UK + 35+ countries,13.0,2015,-0.50,-0.90,400,"https://www.bidfood.co.uk/login/; https://www.bidcorpgroup.com/; https://en.wikipedia.org/wiki/Bidfood; https://www.iweb.co.uk/portfolio/bidfood/"
Transgourmet B2B app,Incumbent B2B foodservice,React Native B2B app + Drupal/Commercetools backend (single-supplier),Germany/France/Switzerland/Austria/Poland/Romania,8.0,2021,-0.78,-0.20,400,"https://new.drupal.org/case-study/transgourmet-multisite-and-headless-e-commerce-solution; https://www.1xinternet.com/en/projects/transgourmet; https://www.drupal.org/case-study/selgros-customer-centric-marketing-app"
Choco,Digital-native B2B HoReCa,Mobile-first AI ordering app (pure aggregator marketplace) free for restaurants,DE/FR/ES/AT/BE/UK/US,0.05,2018,0.70,0.55,400,"https://choco.com/us/press/choco-achieves-unicorn-status; https://www.restaurantbusinessonline.com/technology/choco-raises-111m-wholesale-ordering-app; https://techcrunch.com/2022/04/11/choco-unicorn-food-waste-supply-chain/"
REKKI,Digital-native B2B HoReCa,Mobile ordering app + UK supplier marketplace (pure aggregator) free for restaurants,UK/NL/PT/US (10000+ restaurants),0.02,2016,0.55,0.80,400,"https://rekki.com/restaurants; https://rekki.com/app; https://apps.apple.com/gb/app/rekki-wholesale-ingredients/id1216805389"
Amazon Business,Adjacent giant (B2C-to-B2B),Hybrid marketplace + 300 procurement integrations + hospitality vertical,US + Europe + global,40.0,2015,0.85,0.30,400,"https://business.amazon.com/en/industries/travel-and-hospitality; https://business.amazon.com/en/blog/transforming-hotel-procurement; https://business.amazon.com/en/blog/digital-future-procurement-hospitality"
