doc_id,ipc_code,ipc_main,ipc_class
1,G06Q30/02,G06Q,G06
1,G06Q30/06,G06Q,G06
1,G06Q20/10,G06Q,G06
1,G06Q30/08,G06Q,G06
1,G06Q30/0241,G06Q,G06
1,G06Q30/0251,G06Q,G06
1,G06Q30/0601,G06Q,G06
2,G06F21/50,G06F,G06
2,G06F21/51,G06F,G06
2,G06F21/53,G06F,G06
2,G06F21/54,G06F,G06
2,G06F21/55,G06F,G06
2,G06F21/56,G06F,G06
2,G06F21/57,G06F,G06
2,G06N5/02,G06N,G06
3,G06N20/00,G06N,G06
3,G06N3/00,G06N,G06
3,G06N5/02,G06N,G06
4,C07D231/48,C07D,C07
5,G06F21/62,G06F,G06
5,G06Q30/01,G06Q,G06
5,H04M3/42,H04M,H04
6,G06F11/30,G06F,G06
6,G06F9/50,G06F,G06
6,G06K9/62,G06K,G06
6,G06N20/00,G06N,G06
6,G06N5/02,G06N,G06
6,H04L67/562,H04L,H04
7,B60W40/08,B60W,B60
7,G01C21/34,G01C,G01
7,G05B13/02,G05B,G05
7,G05D1/00,G05D,G05
7,G05D1/02,G05D,G05
7,G06F40/40,G06F,G06
7,G06N20/00,G06N,G06
7,G06N3/04,G06N,G06
7,G06N3/08,G06N,G06
7,G06Q50/18,G06Q,G06
7,G06Q50/30,G06Q,G06
7,G06V20/64,G06V,G06
7,G07C5/00,G07C,G07
7,G07C5/02,G07C,G07
7,G07C5/08,G07C,G07
8,G06N20/00,G06N,G06
8,G06Q10/063,G06Q,G06
8,H04L9/40,H04L,H04
9,G06Q20/36,G06Q,G06
9,G06Q30/00,G06Q,G06
9,G06F21/60,G06F,G06
9,G06Q20/12,G06Q,G06
9,G06Q20/32,G06Q,G06
9,G06Q20/34,G06Q,G06
9,G06Q20/38,G06Q,G06
9,G06Q20/40,G06Q,G06
9,G06Q30/018,G06Q,G06
9,G06Q20/36,G06Q,G06
10,G06F3/0484,G06F,G06
10,G06Q30/0601,G06Q,G06
10,G06T7/13,G06T,G06
10,G06T7/73,G06T,G06
10,G06V10/44,G06V,G06
10,G06V10/764,G06V,G06
10,G06V10/82,G06V,G06
10,G06V20/20,G06V,G06
10,G06V40/10,G06V,G06
11,G16H10/60,G16H,G16
11,G16H20/10,G16H,G16
11,G16H80/00,G16H,G16
12,G06N3/00,G06N,G06
13,G06Q30/06,G06Q,G06
13,G06T19/00,G06T,G06
13,G06T19/20,G06T,G06
13,G06Q30/00,G06Q,G06
13,G06Q30/0201,G06Q,G06
13,G06Q30/0204,G06Q,G06
13,G06Q30/0241,G06Q,G06
13,G06Q30/0242,G06Q,G06
13,G06Q30/0251,G06Q,G06
13,G06Q30/0601,G06Q,G06
14,G06Q20/38,G06Q,G06
14,G06Q40/02,G06Q,G06
15,G06F17/18,G06F,G06
15,G06N20/00,G06N,G06
15,G06Q30/0207,G06Q,G06
15,G06Q30/0214,G06Q,G06
16,G06F30/27,G06F,G06
16,G06N3/04,G06N,G06
16,G06Q10/06,G06Q,G06
16,G06Q10/08,G06Q,G06
16,G06Q30/02,G06Q,G06
17,G06Q10/04,G06Q,G06
18,G06N20/00,G06N,G06
18,G06N99/00,G06N,G06
19,G06N3/08,G06N,G06
20,G06F16/532,G06F,G06
20,G06F16/583,G06F,G06
20,G06K9/62,G06K,G06
20,G06N3/08,G06N,G06
21,G06Q30/06,G06Q,G06
21,G06Q50/00,G06Q,G06
22,G06Q30/06,G06Q,G06
22,G06T17/00,G06T,G06
22,G06V10/44,G06V,G06
22,G06V40/10,G06V,G06
22,G06V40/20,G06V,G06
23,G06F16/36,G06F,G06
23,G06F40/242,G06F,G06
23,G06F40/289,G06F,G06
23,G06N5/02,G06N,G06
24,G06Q30/06,G06Q,G06
24,G06Q40/08,G06Q,G06
24,G06Q50/10,G06Q,G06
24,G16H10/60,G16H,G16
24,G16H40/00,G16H,G16
25,G06F16/2457,G06F,G06
25,G06N3/04,G06N,G06
25,G06N3/08,G06N,G06
25,G06Q30/06,G06Q,G06
26,G06Q30/02,G06Q,G06
27,G06F16/9535,G06F,G06
27,G06F16/957,G06F,G06
27,G06Q30/06,G06Q,G06
28,G06N20/00,G06N,G06
28,G06N5/02,G06N,G06
28,G06Q30/02,G06Q,G06
29,G06N3/08,G06N,G06
29,G06Q30/02,G06Q,G06
29,G06Q30/06,G06Q,G06
29,G06Q50/00,G06Q,G06
30,G06K9/62,G06K,G06
30,G06N3/08,G06N,G06
30,G06Q30/02,G06Q,G06
30,G06Q30/06,G06Q,G06
30,G06Q50/00,G06Q,G06
30,G06V10/10,G06V,G06
31,G06Q30/06,G06Q,G06
31,G06Q50/10,G06Q,G06
31,G06Q50/30,G06Q,G06
32,G06Q10/02,G06Q,G06
32,G06Q30/06,G06Q,G06
33,G06N3/04,G06N,G06
33,G06Q30/02,G06Q,G06
33,G06Q30/06,G06Q,G06
34,G06N3/04,G06N,G06
34,G06F11/14,G06F,G06
34,G06N3/08,G06N,G06
34,G06Q20/40,G06Q,G06
35,G06F16/901,G06F,G06
35,G06F16/903,G06F,G06
35,G06F16/906,G06F,G06
35,G06Q10/08,G06Q,G06
35,G06Q30/06,G06Q,G06
36,G06Q10/06,G06Q,G06
36,G06Q10/08,G06Q,G06
36,G06Q10/10,G06Q,G06
36,G06Q40/00,G06Q,G06
37,G06F9/50,G06F,G06
38,G06F16/36,G06F,G06
38,G06F16/9535,G06F,G06
38,G06N5/02,G06N,G06
38,G06Q30/06,G06Q,G06
39,G06Q10/02,G06Q,G06
39,G06Q30/02,G06Q,G06
39,G06Q30/06,G06Q,G06
39,G06Q50/00,G06Q,G06
39,G06Q50/12,G06Q,G06
40,G06F16/35,G06F,G06
40,G06F40/289,G06F,G06
40,G06K9/62,G06K,G06
40,G06N20/00,G06N,G06
40,G06F16/353,G06F,G06
40,G06F40/284,G06F,G06
40,G06F40/30,G06F,G06
41,B65F1/00,B65F,B65
41,B65F1/14,B65F,B65
41,B65F1/16,B65F,B65
41,G09F23/00,G09F,G09
41,H04N5/225,H04N,H04
42,G06Q30/02,G06Q,G06
42,G06Q30/08,G06Q,G06
43,G06N20/00,G06N,G06
43,G06Q30/02,G06Q,G06
43,G16H10/60,G16H,G16
43,G16H15/00,G16H,G16
43,G16H50/30,G16H,G16
44,G06F16/9535,G06F,G06
44,G06F16/957,G06F,G06
44,H04L67/51,H04L,H04
44,H04L67/55,H04L,H04
45,G06Q10/06,G06Q,G06
45,G06Q10/08,G06Q,G06
45,G06Q20/40,G06Q,G06
45,G06Q30/04,G06Q,G06
45,G06Q30/06,G06Q,G06
46,G06N20/00,G06N,G06
46,G06Q10/10,G06Q,G06
46,G06Q30/06,G06Q,G06
47,G06F16/36,G06F,G06
47,G06F16/9535,G06F,G06
47,G06Q30/02,G06Q,G06
48,G06F16/9537,G06F,G06
48,G06Q10/06,G06Q,G06
48,G06Q10/08,G06Q,G06
49,G06F16/31,G06F,G06
49,G06F16/35,G06F,G06
49,G06F40/30,G06F,G06
50,G06F16/9535,G06F,G06
50,G06F8/70,G06F,G06
50,G06Q30/06,G06Q,G06
51,G06K9/62,G06K,G06
51,G06N3/00,G06N,G06
51,G06N3/04,G06N,G06
51,G06F16/43,G06F,G06
51,G06F16/953,G06F,G06
51,G06F18/21,G06F,G06
51,G06N3/006,G06N,G06
51,G06N3/043,G06N,G06
52,G06F16/27,G06F,G06
52,G06Q50/02,G06Q,G06
53,G06Q30/06,G06Q,G06
53,G06Q50/10,G06Q,G06
54,G06K9/62,G06K,G06
54,G06N20/00,G06N,G06
54,G06Q30/06,G06Q,G06
55,G06Q30/06,G06Q,G06
55,G16H20/60,G16H,G16
55,G06Q30/0601,G06Q,G06
55,G06Q40/08,G06Q,G06
56,G06K9/62,G06K,G06
56,G06Q30/06,G06Q,G06
56,G06Q50/00,G06Q,G06
57,G06F16/9535,G06F,G06
57,G06Q30/06,G06Q,G06
58,G06F16/906,G06F,G06
58,G06F16/9535,G06F,G06
58,G06Q30/06,G06Q,G06
59,G06Q10/06,G06Q,G06
59,G06Q10/08,G06Q,G06
59,G06Q30/06,G06Q,G06
60,G06F16/2457,G06F,G06
60,G06F16/25,G06F,G06
60,G06N5/00,G06N,G06
61,G06F16/906,G06F,G06
61,G06F16/9535,G06F,G06
61,G06F40/35,G06F,G06
61,G06N3/04,G06N,G06
61,G06N3/08,G06N,G06
61,G06Q30/06,G06Q,G06
62,G09B5/00,G09B,G09
62,H05K5/02,H05K,H05
62,H05K7/20,H05K,H05
63,G06N20/00,G06N,G06
63,G05B19/4155,G05B,G05
63,G05D1/00,G05D,G05
63,G05D1/223,G05D,G05
63,G06N3/08,G06N,G06
63,G06Q10/06,G06Q,G06
63,G06Q10/0635,G06Q,G06
63,G06Q10/0637,G06Q,G06
63,G06Q10/0833,G06Q,G06
63,G06Q10/087,G06Q,G06
64,G06Q10/0631,G06Q,G06
64,G06Q10/0633,G06Q,G06
64,G06Q20/14,G06Q,G06
64,B25J9/16,B25J,B25
64,B29C64/386,B29C,B29
64,B29C64/393,B29C,B29
64,B33Y10/00,B33Y,B33
64,B33Y50/00,B33Y,B33
64,B33Y50/02,B33Y,B33
64,G02B26/00,G02B,G02
64,G02B3/14,G02B,G02
64,G05B13/02,G05B,G05
64,G05B13/04,G05B,G05
64,G05B17/02,G05B,G05
64,G05B19/402,G05B,G05
64,G05B19/4099,G05B,G05
64,G05D1/00,G05D,G05
64,G06F30/27,G06F,G06
64,G06N20/00,G06N,G06
64,G06N20/20,G06N,G06
64,G06Q10/063,G06Q,G06
64,G06T7/70,G06T,G06
64,H04L9/00,H04L,H04
64,H04L9/32,H04L,H04
64,H04L9/40,H04L,H04
64,G06F113/10,G06F,G06
64,G06Q10/06,G06Q,G06
64,G06Q10/0831,G06Q,G06
64,G06Q10/0833,G06Q,G06
64,G06Q10/087,G06Q,G06
64,G06Q30/0201,G06Q,G06
65,G06Q30/02,G06Q,G06
65,G06Q30/06,G06Q,G06
65,G06Q30/0251,G06Q,G06
65,G06Q30/0601,G06Q,G06
66,G06F16/215,G06F,G06
66,G06F16/22,G06F,G06
66,G06F16/23,G06F,G06
66,G06Q30/02,G06Q,G06
67,G06Q30/00,G06Q,G06
68,G06Q30/00,G06Q,G06
69,G06Q30/00,G06Q,G06
70,G06Q30/00,G06Q,G06
71,G06F11/36,G06F,G06
71,G06N20/00,G06N,G06
71,G06Q30/06,G06Q,G06
72,G06F16/2458,G06F,G06
72,G06F16/9535,G06F,G06
72,G06F16/9537,G06F,G06
72,G06K9/62,G06K,G06
72,G06N3/04,G06N,G06
72,G06N3/08,G06N,G06
72,G06Q30/06,G06Q,G06
73,G06F40/216,G06F,G06
73,G06F40/237,G06F,G06
73,G06F40/253,G06F,G06
73,G06F40/279,G06F,G06
74,G06N20/00,G06N,G06
74,G06Q30/06,G06Q,G06
75,G06Q30/00,G06Q,G06
75,G06Q30/06,G06Q,G06
75,G06F16/9535,G06F,G06
75,G06N20/00,G06N,G06
75,G06Q50/26,G06Q,G06
75,G06Q30/018,G06Q,G06
75,G06Q30/0601,G06Q,G06
75,H04L9/40,H04L,H04
76,G01D21/02,G01D,G01
77,G06Q30/06,G06Q,G06
77,G06T13/40,G06T,G06
78,G06N3/08,G06N,G06
78,G06Q30/02,G06Q,G06
78,G06Q30/06,G06Q,G06
79,G06Q30/02,G06Q,G06
79,G06Q30/06,G06Q,G06
79,G06Q50/02,G06Q,G06
79,G06Q50/30,G06Q,G06
80,G06N20/00,G06N,G06
80,G06Q10/06,G06Q,G06
80,G06Q10/08,G06Q,G06
80,G06Q30/02,G06Q,G06
80,G08B21/18,G08B,G08
81,G06F16/215,G06F,G06
81,G06F16/22,G06F,G06
81,G06F16/28,G06F,G06
82,G06N20/00,G06N,G06
82,G06Q30/06,G06Q,G06
83,G06Q30/02,G06Q,G06
83,G06Q30/06,G06Q,G06
83,G06F16/2457,G06F,G06
83,G06F16/28,G06F,G06
83,G06F16/9535,G06F,G06
83,G06N20/00,G06N,G06
83,G06N5/04,G06N,G06
83,G06Q10/00,G06Q,G06
83,G06Q30/0204,G06Q,G06
83,G06Q30/0601,G06Q,G06
84,G06F16/2458,G06F,G06
84,G06F16/9535,G06F,G06
84,G06F16/9537,G06F,G06
84,G06N3/04,G06N,G06
84,G06N3/08,G06N,G06
84,G06Q30/06,G06Q,G06
85,G06N3/08,G06N,G06
85,G06Q30/02,G06Q,G06
85,G06Q30/06,G06Q,G06
85,G06Q50/00,G06Q,G06
86,G06Q30/00,G06Q,G06
86,G06Q30/06,G06Q,G06
86,G06Q40/04,G06Q,G06
87,G06Q10/08,G06Q,G06
87,G06Q30/06,G06Q,G06
87,G06Q50/02,G06Q,G06
88,B01D46/10,B01D,B01
88,B01D46/76,B01D,B01
88,G06Q30/06,G06Q,G06
88,G07G1/12,G07G,G07
88,H04L67/12,H04L,H04
88,H05K7/20,H05K,H05
89,G06N3/04,G06N,G06
89,G06Q30/06,G06Q,G06
89,G06F16/2458,G06F,G06
89,G06F21/62,G06F,G06
89,G06N3/0442,G06N,G06
89,G06Q30/0601,G06Q,G06
90,G06Q30/02,G06Q,G06
90,G06Q30/06,G06Q,G06
90,G06Q40/02,G06Q,G06
91,G06Q30/02,G06Q,G06
91,G06Q30/06,G06Q,G06
91,G06Q40/02,G06Q,G06
92,G06Q10/06,G06Q,G06
92,G06Q10/10,G06Q,G06
92,G06Q40/08,G06Q,G06
92,G08B21/02,G08B,G08
92,G08B25/08,G08B,G08
92,G10L15/22,G10L,G10
93,H04W12/06,H04W,H04
93,H04W12/12,H04W,H04
93,H04W12/40,H04W,H04
93,H04W12/63,H04W,H04
93,H04W4/02,H04W,H04
93,H04L9/40,H04L,H04
93,G06N3/02,G06N,G06
94,G06Q10/08,G06Q,G06
94,G06Q30/06,G06Q,G06
94,H04L9/40,H04L,H04
94,H04W12/03,H04W,H04
95,G06N3/00,G06N,G06
95,G06Q50/10,G06Q,G06
95,G06Q50/20,G06Q,G06
96,G06Q10/08,G06Q,G06
96,G06V20/40,G06V,G06
96,G06Q10/0834,G06Q,G06
96,G06Q10/0836,G06Q,G06
96,G06Q10/087,G06Q,G06
97,G06F16/55,G06F,G06
97,G06F16/951,G06F,G06
97,G06N20/00,G06N,G06
97,G06Q30/02,G06Q,G06
97,G06Q30/06,G06Q,G06
97,G06T13/40,G06T,G06
97,G06T15/00,G06T,G06
97,G06T19/00,G06T,G06
97,G06T3/60,G06T,G06
97,G06T5/00,G06T,G06
98,G06F16/33,G06F,G06
98,G06F16/35,G06F,G06
98,G06F16/36,G06F,G06
98,G06F40/242,G06F,G06
98,G06F40/295,G06F,G06
98,G06F40/30,G06F,G06
98,G06Q10/06,G06Q,G06
98,G06Q30/02,G06Q,G06
99,G06N5/04,G06N,G06
99,G06Q10/08,G06Q,G06
99,G06Q30/02,G06Q,G06
99,G06Q30/06,G06Q,G06
99,G06Q50/00,G06Q,G06
100,G06F8/36,G06F,G06
100,G06N20/20,G06N,G06
100,G06Q30/06,G06Q,G06
101,G06F11/34,G06F,G06
101,G06N20/20,G06N,G06
101,G06Q30/06,G06Q,G06
102,G06F40/20,G06F,G06
102,G06N20/20,G06N,G06
102,G06N5/043,G06N,G06
103,G06K9/62,G06K,G06
103,G06N20/20,G06N,G06
103,G06N3/04,G06N,G06
103,G06N3/08,G06N,G06
103,G06N5/00,G06N,G06
103,G06Q30/02,G06Q,G06
103,G06Q30/06,G06Q,G06
104,G06F8/30,G06F,G06
105,G06Q10/04,G06Q,G06
105,G06Q10/08,G06Q,G06
105,G06Q30/06,G06Q,G06
106,G06K7/10,G06K,G06
107,G06F16/9535,G06F,G06
107,G06F16/958,G06F,G06
107,G06K9/62,G06K,G06
107,G06Q30/06,G06Q,G06
108,G06N20/00,G06N,G06
108,G06Q10/06,G06Q,G06
108,G06Q10/08,G06Q,G06
108,G06Q30/02,G06Q,G06
108,G06Q40/03,G06Q,G06
109,G06N20/00,G06N,G06
109,G06Q10/06,G06Q,G06
109,G06Q10/08,G06Q,G06
109,G06Q30/02,G06Q,G06
109,G06Q40/03,G06Q,G06
110,A61B3/00,A61B,A61
110,A61B3/10,A61B,A61
110,A61B3/15,A61B,A61
111,A61B3/024,A61B,A61
111,A61B3/032,A61B,A61
111,A61B3/06,A61B,A61
111,A61B3/113,A61B,A61
111,A61B5/00,A61B,A61
111,A61G10/00,A61G,A61
111,A61L2/10,A61L,A61
111,G06N20/00,G06N,G06
111,G16H50/30,G16H,G16
111,G16H80/00,G16H,G16
112,G06F16/332,G06F,G06
112,G06F3/0486,G06F,G06
112,G06Q30/06,G06Q,G06
112,G06Q50/30,G06Q,G06
113,G06F16/33,G06F,G06
113,G06F16/906,G06F,G06
113,G06F40/284,G06F,G06
113,G06F40/30,G06F,G06
113,G06N3/08,G06N,G06
113,G06Q30/02,G06Q,G06
113,G06Q30/06,G06Q,G06
114,G06Q10/06,G06Q,G06
114,G06Q10/08,G06Q,G06
114,G06Q30/06,G06Q,G06
115,H04W12/02,H04W,H04
115,H04W12/12,H04W,H04
115,H04W12/128,H04W,H04
115,H04W24/04,H04W,H04
115,H04W4/16,H04W,H04
115,H04W4/24,H04W,H04
115,H04W4/50,H04W,H04
116,G06Q30/02,G06Q,G06
116,G06Q30/06,G06Q,G06
117,G06F16/9532,G06F,G06
117,G06N20/00,G06N,G06
117,G06N3/08,G06N,G06
117,G06Q10/06,G06Q,G06
117,G06Q30/02,G06Q,G06
117,G06Q50/00,G06Q,G06
118,G06Q10/06,G06Q,G06
118,G06Q30/02,G06Q,G06
118,G06Q30/06,G06Q,G06
118,G06F11/20,G06F,G06
118,G06F16/901,G06F,G06
118,G06N20/00,G06N,G06
118,G06Q10/0635,G06Q,G06
118,G06Q30/0241,G06Q,G06
118,G06Q30/0601,G06Q,G06
119,G06F16/901,G06F,G06
119,G06F16/9535,G06F,G06
120,G06N20/00,G06N,G06
120,G06Q30/06,G06Q,G06
120,G06Q50/12,G06Q,G06
120,G16H20/60,G16H,G16
121,G06N20/00,G06N,G06
121,G06Q10/06,G06Q,G06
121,G06Q30/02,G06Q,G06
121,G06Q40/02,G06Q,G06
122,G06N20/00,G06N,G06
122,G06Q10/06,G06Q,G06
122,G06Q30/02,G06Q,G06
122,G06Q40/02,G06Q,G06
123,G06F16/951,G06F,G06
123,G06Q30/00,G06Q,G06
123,G06Q30/06,G06Q,G06
124,G06Q10/06,G06Q,G06
124,G06Q30/06,G06Q,G06
124,G06Q10/063,G06Q,G06
124,G06Q30/0601,G06Q,G06
125,G07F7/06,G07F,G07
125,G07F9/00,G07F,G07
125,G07F9/02,G07F,G07
126,G06Q30/00,G06Q,G06
126,G06Q30/06,G06Q,G06
126,G06Q50/18,G06Q,G06
127,G06Q30/02,G06Q,G06
128,G06Q30/02,G06Q,G06
128,G06Q30/06,G06Q,G06
129,G06Q30/06,G06Q,G06
129,G06F16/2458,G06F,G06
129,G06F16/27,G06F,G06
129,G06F21/62,G06F,G06
129,G06Q30/0601,G06Q,G06
130,G06F16/26,G06F,G06
130,G06N5/02,G06N,G06
131,G06N3/08,G06N,G06
131,G06Q10/04,G06Q,G06
131,G06Q10/08,G06Q,G06
131,G06Q30/02,G06Q,G06
131,G06Q30/06,G06Q,G06
132,G06N3/04,G06N,G06
132,G06N3/08,G06N,G06
132,G06Q30/06,G06Q,G06
132,G06T17/00,G06T,G06
133,B07C3/02,B07C,B07
133,B07C3/10,B07C,B07
133,B07C3/14,B07C,B07
133,G06Q10/08,G06Q,G06
134,G06F17/18,G06F,G06
134,G06N5/025,G06N,G06
134,G06Q30/0601,G06Q,G06
135,G06N3/06,G06N,G06
135,G06N3/08,G06N,G06
135,G06Q30/02,G06Q,G06
136,G06N20/00,G06N,G06
136,G06Q30/02,G06Q,G06
137,G06N3/06,G06N,G06
137,G06N3/08,G06N,G06
137,G06Q30/02,G06Q,G06
138,G06N20/00,G06N,G06
138,G06N3/08,G06N,G06
138,G06Q30/02,G06Q,G06
139,G06F16/901,G06F,G06
139,G06F16/904,G06F,G06
140,G06F18/23,G06F,G06
140,G06F18/24,G06F,G06
140,G06F3/01,G06F,G06
140,G06Q30/06,G06Q,G06
141,G06Q10/06,G06Q,G06
141,G06Q10/10,G06Q,G06
141,G06Q30/02,G06Q,G06
141,G16H20/60,G16H,G16
142,G06F16/33,G06F,G06
142,G06F40/216,G06F,G06
142,G06F40/242,G06F,G06
142,G06F40/284,G06F,G06
142,G06F40/30,G06F,G06
142,G06Q30/0601,G06Q,G06
143,G06F11/30,G06F,G06
143,G06F11/32,G06F,G06
143,G06F11/34,G06F,G06
143,G06F11/36,G06F,G06
144,G06F11/30,G06F,G06
144,G06F11/34,G06F,G06
144,G06F18/25,G06F,G06
144,G06N5/025,G06N,G06
144,G06F123/02,G06F,G06
145,G06N3/045,G06N,G06
145,G06Q30/0601,G06Q,G06
146,G06F8/35,G06F,G06
146,G06F8/77,G06F,G06
146,G06N20/00,G06N,G06
147,G06F16/951,G06F,G06
147,G06F16/953,G06F,G06
147,G06F16/958,G06F,G06
147,G06N20/00,G06N,G06
147,G06Q30/02,G06Q,G06
147,G06Q30/06,G06Q,G06
147,G06Q50/00,G06Q,G06
148,G06F21/62,G06F,G06
148,G06Q10/06,G06Q,G06
148,G06Q10/0631,G06Q,G06
148,G06Q20/12,G06Q,G06
148,G06Q30/06,G06Q,G06
148,G06Q30/0601,G06Q,G06
148,H04L67/10,H04L,H04
148,H04L67/51,H04L,H04
148,H04L9/40,H04L,H04
149,G06N20/00,G06N,G06
149,G06N5/02,G06N,G06
149,G06Q30/00,G06Q,G06
150,G06F3/023,G06F,G06
150,G06F40/58,G06F,G06
150,G06N20/00,G06N,G06
150,G06Q30/06,G06Q,G06
150,G06V10/10,G06V,G06
151,G06Q30/02,G06Q,G06
151,G06Q30/06,G06Q,G06
152,A61B5/00,A61B,A61
152,G06F3/0488,G06F,G06
152,G06Q30/02,G06Q,G06
152,G06Q30/06,G06Q,G06
152,G06V40/16,G06V,G06
153,G06Q30/0202,G06Q,G06
153,G06Q30/0601,G06Q,G06
154,G06F16/955,G06F,G06
154,G06F40/205,G06F,G06
154,G06F40/284,G06F,G06
155,G06F16/2457,G06F,G06
155,G06N20/00,G06N,G06
155,G06N7/00,G06N,G06
155,G06Q30/02,G06Q,G06
156,G06N20/00,G06N,G06
156,G06Q30/0201,G06Q,G06
156,G06Q30/0203,G06Q,G06
157,G06N3/042,G06N,G06
157,G06N3/045,G06N,G06
157,G06N3/0464,G06N,G06
157,G06N3/048,G06N,G06
157,G06N3/08,G06N,G06
157,G06Q30/0601,G06Q,G06
158,G06F18/241,G06F,G06
158,G06F18/25,G06F,G06
158,G06Q30/0601,G06Q,G06
159,G06N3/044,G06N,G06
159,G06N3/08,G06N,G06
159,G06Q30/0201,G06Q,G06
159,G06Q30/0601,G06Q,G06
160,G06N3/04,G06N,G06
160,G06Q30/06,G06Q,G06
161,G06F16/27,G06F,G06
161,G06Q20/06,G06Q,G06
161,G06Q20/12,G06Q,G06
161,G06Q20/38,G06Q,G06
161,G06Q20/40,G06Q,G06
161,G06Q30/0601,G06Q,G06
161,G06Q40/04,G06Q,G06
162,G06F16/9535,G06F,G06
162,G06F16/9536,G06F,G06
162,G06F16/958,G06F,G06
162,G06Q30/0601,G06Q,G06
163,G06N20/00,G06N,G06
163,G06N5/04,G06N,G06
163,G16H50/30,G16H,G16
163,G16H50/50,G16H,G16
163,H04L67/00,H04L,H04
164,G06F17/18,G06F,G06
164,G06N20/00,G06N,G06
164,G06Q40/08,G06Q,G06
164,G06N5/02,G06N,G06
165,G06F16/215,G06F,G06
165,G06F16/23,G06F,G06
165,G06F16/2457,G06F,G06
165,G06F40/117,G06F,G06
165,G06F40/169,G06F,G06
165,G06F40/232,G06F,G06
165,G06F40/268,G06F,G06
166,G06Q10/02,G06Q,G06
167,G06Q50/00,G06Q,G06
167,G16Z99/00,G16Z,G16
167,G06N20/00,G06N,G06
168,G06F11/07,G06F,G06
168,G06N3/04,G06N,G06
168,G06N3/08,G06N,G06
169,G06F3/0482,G06F,G06
169,G06Q10/04,G06Q,G06
169,G06Q10/0831,G06Q,G06
169,G06Q10/0834,G06Q,G06
169,G06Q10/0835,G06Q,G06
170,G06Q30/02,G06Q,G06
170,G06Q40/04,G06Q,G06
171,G06F16/90,G06F,G06
172,G06Q10/04,G06Q,G06
172,G06Q10/083,G06Q,G06
172,G06Q10/0831,G06Q,G06
172,G06Q10/0834,G06Q,G06
172,G06Q10/0835,G06Q,G06
173,G06F11/14,G06F,G06
174,G06Q10/06,G06Q,G06
174,G06Q10/08,G06Q,G06
174,G06Q10/10,G06Q,G06
174,G06Q30/04,G06Q,G06
175,G06F18/00,G06F,G06
175,G06Q30/02,G06Q,G06
175,G06Q30/06,G06Q,G06
175,G06Q50/00,G06Q,G06
176,G06F16/33,G06F,G06
176,G06F16/332,G06F,G06
176,G06F40/205,G06F,G06
176,G06F40/35,G06F,G06
176,G06N20/20,G06N,G06
176,G06N3/08,G06N,G06
177,G06F16/332,G06F,G06
177,G06F16/36,G06F,G06
177,G06N3/04,G06N,G06
177,G06N3/08,G06N,G06
177,G06Q30/0601,G06Q,G06
178,G06F16/36,G06F,G06
178,G06F16/9032,G06F,G06
178,G06F18/214,G06F,G06
178,G06F18/23213,G06F,G06
178,G06N3/0464,G06N,G06
178,G06Q30/0601,G06Q,G06
179,G06F18/25,G06F,G06
179,G06N3/0464,G06N,G06
179,G06Q30/0202,G06Q,G06
179,G06Q30/0251,G06Q,G06
179,G06Q30/0601,G06Q,G06
180,G06F16/951,G06F,G06
180,G06F16/9535,G06F,G06
181,G06F17/16,G06F,G06
181,G06F17/18,G06F,G06
181,G06Q10/0639,G06Q,G06
181,G06Q30/0601,G06Q,G06
182,G02B27/01,G02B,G02
182,G03H1/04,G03H,G03
182,G06Q30/02,G06Q,G06
182,G06Q50/10,G06Q,G06
182,G06T13/40,G06T,G06
182,G06T19/00,G06T,G06
182,G06T19/20,G06T,G06
182,H04L51/00,H04L,H04
182,H04N13/332,H04N,H04
183,G06N20/00,G06N,G06
183,G06Q30/06,G06Q,G06
184,G06N20/00,G06N,G06
184,G06Q30/02,G06Q,G06
184,G06Q30/06,G06Q,G06
185,G06Q10/087,G06Q,G06
185,G06Q30/0283,G06Q,G06
185,G06Q30/0601,G06Q,G06
186,G06N3/00,G06N,G06
186,G06Q30/06,G06Q,G06
187,G06F21/60,G06F,G06
188,G06N20/00,G06N,G06
188,G06Q30/02,G06Q,G06
188,G06Q30/06,G06Q,G06
189,G06F16/35,G06F,G06
189,G06F18/214,G06F,G06
189,G06F18/241,G06F,G06
189,G06N3/0455,G06N,G06
189,G06N3/047,G06N,G06
189,G06N3/09,G06N,G06
189,G06N5/046,G06N,G06
190,G06F18/25,G06F,G06
190,G06N3/0455,G06N,G06
190,G06N3/08,G06N,G06
191,G06F16/35,G06F,G06
191,G06F40/30,G06F,G06
191,G06N3/0464,G06N,G06
191,G06N3/084,G06N,G06
191,G06N3/042,G06N,G06
192,G06V30/148,G06V,G06
192,G06V30/244,G06V,G06
192,G06V30/413,G06V,G06
192,G06V30/414,G06V,G06
192,G06V40/30,G06V,G06
193,F16F15/067,F16F,F16
193,F16M11/04,F16M,F16
193,F16M11/26,F16M,F16
193,G09B19/00,G09B,G09
194,G06F16/9535,G06F,G06
195,G06F16/25,G06F,G06
195,G06F16/27,G06F,G06
195,G06F18/22,G06F,G06
195,G06N3/0464,G06N,G06
195,G06N3/08,G06N,G06
195,G06Q30/0601,G06Q,G06
196,G06V10/74,G06V,G06
196,G06V10/762,G06V,G06
196,G06V10/774,G06V,G06
196,G06V10/778,G06V,G06
196,G06V20/40,G06V,G06
197,G06F16/907,G06F,G06
197,G06F16/9535,G06F,G06
197,G06Q30/02,G06Q,G06
197,G06Q30/06,G06Q,G06
197,G06Q50/10,G06Q,G06
197,G06Q50/12,G06Q,G06
198,G06N20/00,G06N,G06
198,G06N3/08,G06N,G06
198,G06Q30/00,G06Q,G06
198,G06Q30/02,G06Q,G06
198,G06Q40/00,G06Q,G06
198,G06Q50/26,G06Q,G06
198,G06T7/00,G06T,G06
198,G06T7/60,G06T,G06
199,G06N20/00,G06N,G06
199,G06N3/08,G06N,G06
199,G06Q30/02,G06Q,G06
199,G06Q40/00,G06Q,G06
199,G06Q50/26,G06Q,G06
199,G06T7/60,G06T,G06
200,G06F40/20,G06F,G06
200,G06N20/00,G06N,G06
200,G06N3/08,G06N,G06
200,G06Q30/02,G06Q,G06
200,G06Q40/00,G06Q,G06
200,G06Q50/26,G06Q,G06
200,G06T7/60,G06T,G06
201,G06Q20/00,G06Q,G06
201,G06Q30/02,G06Q,G06
201,G06Q50/00,G06Q,G06
202,G06F18/23,G06F,G06
202,G06Q30/0601,G06Q,G06
202,H04L67/12,H04L,H04
202,H04L67/54,H04L,H04
202,H04L9/40,H04L,H04
203,G06F16/22,G06F,G06
203,G06F17/16,G06F,G06
203,G06F18/23,G06F,G06
203,G06F21/60,G06F,G06
203,G06F3/01,G06F,G06
203,G06Q30/0601,G06Q,G06
203,G06T19/00,G06T,G06
204,G06N3/0464,G06N,G06
204,G06N3/08,G06N,G06
204,G06Q30/0201,G06Q,G06
204,G06Q30/0202,G06Q,G06
205,G06Q30/0601,G06Q,G06
206,G06Q10/0639,G06Q,G06
206,G06Q30/015,G06Q,G06
206,G06Q30/0201,G06Q,G06
207,G06Q10/0835,G06Q,G06
207,G06Q30/0283,G06Q,G06
207,G06Q30/0601,G06Q,G06
208,G06Q30/0201,G06Q,G06
208,G06Q30/0601,G06Q,G06
209,G06F16/22,G06F,G06
209,G06F16/23,G06F,G06
209,G06F16/242,G06F,G06
209,G06F16/2457,G06F,G06
209,G06F16/957,G06F,G06
209,G06F16/958,G06F,G06
210,G06F16/33,G06F,G06
210,G06F16/35,G06F,G06
210,G06F16/36,G06F,G06
210,G06F18/2433,G06F,G06
211,H04L41/16,H04L,H04
211,H04W16/10,H04W,H04
211,H04W16/14,H04W,H04
211,H04W24/02,H04W,H04
211,H04W28/20,H04W,H04
211,H04W28/24,H04W,H04
212,G06N3/006,G06N,G06
212,G06N3/0464,G06N,G06
212,G06N3/08,G06N,G06
212,G06Q30/0242,G06Q,G06
213,G06F16/9035,G06F,G06
213,G06F16/9535,G06F,G06
213,G06N20/00,G06N,G06
213,G06Q30/06,G06Q,G06
213,G06V40/16,G06V,G06
214,G06F16/2458,G06F,G06
214,G06F21/55,G06F,G06
214,G06F21/57,G06F,G06
214,G06F21/64,G06F,G06
214,G06F9/451,G06F,G06
214,G06N3/0464,G06N,G06
214,G06N3/08,G06N,G06
215,G06F16/332,G06F,G06
215,G06F40/30,G06F,G06
215,G06N5/02,G06N,G06
216,G06F11/14,G06F,G06
216,G06F16/31,G06F,G06
216,G06Q40/00,G06Q,G06
217,G06F16/215,G06F,G06
217,G06F16/22,G06F,G06
217,G06F16/25,G06F,G06
217,G06F16/28,G06F,G06
217,G06Q30/0601,G06Q,G06
218,G06F16/78,G06F,G06
218,G06F16/783,G06F,G06
218,G06V20/40,G06V,G06
218,G06V40/16,G06V,G06
219,G06F18/241,G06F,G06
219,G06F18/25,G06F,G06
219,G06F40/30,G06F,G06
219,G06N3/045,G06N,G06
219,G06N3/0464,G06N,G06
219,G06Q30/0251,G06Q,G06
219,G06Q30/0601,G06Q,G06
220,G06F11/14,G06F,G06
220,G06F11/30,G06F,G06
220,G06F21/62,G06F,G06
221,G06N20/00,G06N,G06
221,G06Q40/06,G06Q,G06
222,G06N3/0495,G06N,G06
222,G06N3/084,G06N,G06
222,G06N3/09,G06N,G06
222,G06N3/096,G06N,G06
223,G06F16/33,G06F,G06
223,G06F16/35,G06F,G06
223,G06F40/186,G06F,G06
223,G06F40/30,G06F,G06
223,G06N20/00,G06N,G06
224,G06Q10/0639,G06Q,G06
224,G06Q40/03,G06Q,G06
224,G06Q50/16,G06Q,G06
225,G06Q10/04,G06Q,G06
225,G06Q10/0631,G06Q,G06
225,G06Q50/12,G06Q,G06
226,G06Q30/0601,G06Q,G06
226,G06Q40/04,G06Q,G06
226,G06T11/20,G06T,G06
227,G06F18/25,G06F,G06
227,G06N3/0442,G06N,G06
227,G06N3/045,G06N,G06
227,G06N3/0464,G06N,G06
227,G06N3/048,G06N,G06
227,G06Q30/0201,G06Q,G06
227,G06Q30/0601,G06Q,G06
228,G06N20/00,G06N,G06
228,G06N3/02,G06N,G06
228,G06Q10/04,G06Q,G06
228,G06Q30/06,G06Q,G06
228,G06Q50/06,G06Q,G06
228,G06Q50/10,G06Q,G06
228,H02J3/00,H02J,H02
229,G06Q20/10,G06Q,G06
229,G06Q20/12,G06Q,G06
229,G06Q20/36,G06Q,G06
229,G06Q20/38,G06Q,G06
230,G06F16/33,G06F,G06
230,G06F16/332,G06F,G06
230,G06N3/045,G06N,G06
230,G06N3/0464,G06N,G06
230,G06N3/08,G06N,G06
231,G06F16/23,G06F,G06
231,G06F21/62,G06F,G06
231,G06Q30/0601,G06Q,G06
232,G06F16/9535,G06F,G06
232,G06Q30/0601,G06Q,G06
232,H04L67/306,H04L,H04
232,H04L67/55,H04L,H04
233,A61B5/11,A61B,A61
233,G06Q20/36,G06Q,G06
233,G06Q30/02,G06Q,G06
233,G06Q30/06,G06Q,G06
233,G06Q30/08,G06Q,G06
233,G06Q50/10,G06Q,G06
233,G06Q50/22,G06Q,G06
234,G01N33/00,G01N,G01
234,G01N33/18,G01N,G01
234,G06N20/00,G06N,G06
234,G06Q30/06,G06Q,G06
234,G06Q50/06,G06Q,G06
234,G06Q50/10,G06Q,G06
235,G06F16/9035,G06F,G06
235,G06F18/22,G06F,G06
235,G06Q30/0601,G06Q,G06
236,G06F16/33,G06F,G06
236,G06F16/35,G06F,G06
236,G06F16/9532,G06F,G06
236,G06F16/9538,G06F,G06
236,G06F16/3332,G06F,G06
236,G06F16/334,G06F,G06
237,G06Q30/0251,G06Q,G06
238,G06F16/906,G06F,G06
238,G06F16/9535,G06F,G06
238,G06Q30/0601,G06Q,G06
239,G06F16/9535,G06F,G06
239,G06N3/0464,G06N,G06
239,G06N3/08,G06N,G06
239,G06Q30/0601,G06Q,G06
239,G06V10/764,G06V,G06
239,G06V10/82,G06V,G06
239,G06V20/40,G06V,G06
239,G06V40/16,G06V,G06
239,G10L15/06,G10L,G10
239,G10L15/20,G10L,G10
239,G10L15/22,G10L,G10
240,G06Q30/018,G06Q,G06
240,H04L51/02,H04L,H04
241,G06F16/35,G06F,G06
241,G06F18/213,G06F,G06
241,G06F18/241,G06F,G06
241,G06F40/30,G06F,G06
241,G06N3/0455,G06N,G06
241,G06N3/0464,G06N,G06
241,G06Q30/0201,G06Q,G06
241,G06Q30/0601,G06Q,G06
242,G05B23/02,G05B,G05
242,G06N20/00,G06N,G06
242,G06Q10/10,G06Q,G06
242,G06Q50/04,G06Q,G06
242,G06Q50/10,G06Q,G06
243,G06Q30/0204,G06Q,G06
243,G06Q30/0251,G06Q,G06
244,G06Q30/06,G06Q,G06
244,G06Q20/12,G06Q,G06
244,G06Q30/00,G06Q,G06
244,G06Q30/02,G06Q,G06
244,G06Q30/018,G06Q,G06
244,G06Q30/0601,G06Q,G06
245,G06Q30/018,G06Q,G06
245,G06Q30/0601,G06Q,G06
246,G06Q10/0631,G06Q,G06
246,G06Q10/083,G06Q,G06
246,G06Q10/0833,G06Q,G06
246,G06Q10/0835,G06Q,G06
246,G06Q10/0875,G06Q,G06
247,G06F18/214,G06F,G06
247,G06F18/23213,G06F,G06
247,G06F18/241,G06F,G06
247,G06N3/0464,G06N,G06
247,G06N3/08,G06N,G06
247,G06Q30/0202,G06Q,G06
247,G06Q30/0242,G06Q,G06
247,G06Q30/0601,G06Q,G06
248,G06Q30/0601,G06Q,G06
248,G06T7/00,G06T,G06
248,G06V10/54,G06V,G06
248,G06V10/764,G06V,G06
249,G06N3/0442,G06N,G06
249,G06N3/088,G06N,G06
249,G06Q10/087,G06Q,G06
249,G06Q30/0201,G06Q,G06
249,G06Q30/0202,G06Q,G06
250,G06N20/00,G06N,G06
250,G06Q30/02,G06Q,G06
250,G06Q30/06,G06Q,G06
251,G06F16/9535,G06F,G06
252,G06F16/29,G06F,G06
252,G06F18/25,G06F,G06
252,G06N20/00,G06N,G06
252,G06N3/045,G06N,G06
252,G06Q10/083,G06Q,G06
253,G06F16/9532,G06F,G06
253,G06F16/955,G06F,G06
253,G06F18/24,G06F,G06
253,G06F21/57,G06F,G06
253,G06F21/64,G06F,G06
253,G06F40/30,G06F,G06
253,G06V20/40,G06V,G06
254,G06F16/906,G06F,G06
254,G06F16/9535,G06F,G06
254,G06Q30/0201,G06Q,G06
254,G06Q30/0601,G06Q,G06
255,G05D1/10,G05D,G05
255,G06N3/0464,G06N,G06
255,G06N3/08,G06N,G06
255,G06Q50/20,G06Q,G06
255,G06V10/764,G06V,G06
255,G06V10/774,G06V,G06
255,G06V10/82,G06V,G06
255,G06V20/17,G06V,G06
255,H04B7/185,H04B,H04
255,H04N23/50,H04N,H04
256,G06F16/215,G06F,G06
256,G06F16/23,G06F,G06
256,G06F16/28,G06F,G06
256,G06F18/15,G06F,G06
256,G06F18/2433,G06F,G06
256,G06F21/60,G06F,G06
256,G06Q20/38,G06Q,G06
256,H04L9/00,H04L,H04
257,G06N20/00,G06N,G06
257,G06N3/08,G06N,G06
257,G06Q30/06,G06Q,G06
257,G06Q50/10,G06Q,G06
257,G06T19/00,G06T,G06
257,G08B21/02,G08B,G08
257,G08B21/04,G08B,G08
257,G08B21/18,G08B,G08
258,G06Q10/083,G06Q,G06
258,G06Q30/0601,G06Q,G06
258,H04L41/0806,H04L,H04
258,H04L41/50,H04L,H04
259,A45D42/00,A45D,A45
259,A45D44/00,A45D,A45
259,G06F3/01,G06F,G06
259,G06F3/0488,G06F,G06
259,G06T19/00,G06T,G06
260,G06N3/006,G06N,G06
260,G06N3/048,G06N,G06
260,G06N3/08,G06N,G06
260,G06Q40/03,G06Q,G06
261,G06N3/045,G06N,G06
261,G06N3/0464,G06N,G06
261,G06Q10/083,G06Q,G06
261,G06Q30/0601,G06Q,G06
262,G06F18/213,G06F,G06
262,G06F18/241,G06F,G06
262,G06F18/25,G06F,G06
262,G06N3/0464,G06N,G06
262,G06N3/08,G06N,G06
262,G06Q10/087,G06Q,G06
262,G06Q30/0601,G06Q,G06
263,G06Q50/34,G06Q,G06
263,G07F17/32,G07F,G07
264,G06F18/10,G06F,G06
264,G06F18/232,G06F,G06
264,G06N3/094,G06N,G06
264,G06Q30/0201,G06Q,G06
264,G06Q30/0203,G06Q,G06
264,G06Q40/04,G06Q,G06
265,G06F18/26,G06F,G06
265,G06N5/025,G06N,G06
266,G06T17/00,G06T,G06
267,G06Q10/02,G06Q,G06
267,G06Q20/12,G06Q,G06
267,G06Q20/38,G06Q,G06
267,G06Q30/06,G06Q,G06
267,H04L9/00,H04L,H04
268,G06F18/213,G06F,G06
268,G06F18/23,G06F,G06
268,G06F18/25,G06F,G06
269,G06F18/243,G06F,G06
269,G06N3/048,G06N,G06
269,G06N3/082,G06N,G06
269,G06Q30/0601,G06Q,G06
270,G06N20/00,G06N,G06
270,G06N3/08,G06N,G06
270,G06Q30/02,G06Q,G06
270,G06Q30/06,G06Q,G06
271,G06F40/226,G06F,G06
271,G06Q30/0601,G06Q,G06
271,G06V20/00,G06V,G06
272,G06F16/22,G06F,G06
272,G06F16/25,G06F,G06
272,G06F16/27,G06F,G06
272,G06F21/60,G06F,G06
272,G06F21/64,G06F,G06
272,G06Q40/04,G06Q,G06
273,G06F21/31,G06F,G06
273,G06F21/60,G06F,G06
273,G06Q10/10,G06Q,G06
273,G06Q30/0601,G06Q,G06
274,G06Q50/30,G06Q,G06
274,G06F16/33,G06F,G06
274,G06F16/332,G06F,G06
274,G06N20/00,G06N,G06
274,G06Q10/08,G06Q,G06
274,G06Q30/02,G06Q,G06
274,G06Q30/06,G06Q,G06
274,G10L13/08,G10L,G10
274,G10L15/26,G10L,G10
274,H04L51/02,H04L,H04
274,H04L9/00,H04L,H04
274,G06Q50/50,G06Q,G06
275,G06Q10/063,G06Q,G06
275,G06Q30/0203,G06Q,G06
275,G06Q30/0207,G06Q,G06
275,G06Q30/0601,G06Q,G06
276,G06Q30/0601,G06Q,G06
276,G06V10/44,G06V,G06
276,G06V20/70,G06V,G06
276,G06V40/20,G06V,G06
277,G06Q30/0201,G06Q,G06
277,G06Q40/08,G06Q,G06
278,G06Q20/06,G06Q,G06
278,G06Q20/12,G06Q,G06
278,G06Q20/22,G06Q,G06
278,G06Q20/36,G06Q,G06
278,G06Q20/38,G06Q,G06
278,G06Q20/40,G06Q,G06
278,G06Q30/018,G06Q,G06
278,G06Q30/0601,G06Q,G06
278,G06Q30/08,G06Q,G06
278,G06Q40/04,G06Q,G06
279,G06Q50/00,G06Q,G06
279,H04N21/431,H04N,H04
279,H04N21/478,H04N,H04
280,G06F16/9535,G06F,G06
280,G06N3/0464,G06N,G06
280,G06N3/088,G06N,G06
280,G06N3/09,G06N,G06
280,G06Q30/0601,G06Q,G06
280,G06Q40/04,G06Q,G06
281,G06F16/9535,G06F,G06
281,G06Q30/0601,G06Q,G06
282,G06Q10/04,G06Q,G06
282,G06Q10/083,G06Q,G06
282,G06Q10/0833,G06Q,G06
282,G06Q10/0835,G06Q,G06
283,G06Q30/06,G06Q,G06
283,G06Q30/0601,G06Q,G06
284,G06Q30/06,G06Q,G06
285,G06F16/55,G06F,G06
285,G06N3/08,G06N,G06
285,G06Q30/0601,G06Q,G06
285,G06V10/10,G06V,G06
285,G06V10/74,G06V,G06
285,G06V10/764,G06V,G06
285,G06V10/82,G06V,G06
286,G06V10/77,G06V,G06
286,G06V10/774,G06V,G06
286,G06V20/30,G06V,G06
286,G06V20/60,G06V,G06
286,G06V20/70,G06V,G06
287,G06Q30/0201,G06Q,G06
287,G06Q30/0601,G06Q,G06
288,G16H40/20,G16H,G16
288,G16H50/20,G16H,G16
289,G06F40/295,G06F,G06
289,G06F40/30,G06F,G06
289,G06N5/02,G06N,G06
290,G06Q10/10,G06Q,G06
290,G06Q30/0201,G06Q,G06
290,G06Q30/0202,G06Q,G06
290,G06Q50/26,G06Q,G06
291,G06F40/20,G06F,G06
291,G06F40/40,G06F,G06
291,G06N20/00,G06N,G06
291,G06Q30/06,G06Q,G06
291,G10L15/26,G10L,G10
291,H04N21/2187,H04N,H04
291,H04N21/254,H04N,H04
291,H04N21/478,H04N,H04
292,G06F16/9535,G06F,G06
292,G06F16/957,G06F,G06
292,G06F16/958,G06F,G06
292,G06Q30/0601,G06Q,G06
293,G06N3/042,G06N,G06
293,G06N3/0455,G06N,G06
293,G06N3/0464,G06N,G06
293,G06Q30/0601,G06Q,G06
294,G06F16/9535,G06F,G06
294,G06F16/9536,G06F,G06
294,G06Q30/0601,G06Q,G06
295,G06N3/08,G06N,G06
295,G06Q30/02,G06Q,G06
296,G06N20/00,G06N,G06
296,G06Q40/04,G06Q,G06
297,G06F18/241,G06F,G06
297,G06Q10/083,G06Q,G06
297,G06Q10/0833,G06Q,G06
298,G06F16/23,G06F,G06
298,G06F16/242,G06F,G06
298,G06F16/27,G06F,G06
298,G06Q20/38,G06Q,G06
298,G06Q30/0251,G06Q,G06
298,G06Q30/0601,G06Q,G06
299,A61L2/18,A61L,A61
299,B65D25/10,B65D,B65
299,B65D43/16,B65D,B65
299,B65D81/07,B65D,B65
299,B65D85/30,B65D,B65
300,G06Q30/06,G06Q,G06
300,H04L51/02,H04L,H04
301,G06F21/62,G06F,G06
301,G06F9/4401,G06F,G06
301,G06Q10/10,G06Q,G06
301,G06Q10/101,G06Q,G06
302,G06F18/213,G06F,G06
302,G06F18/2431,G06F,G06
302,G06Q30/0601,G06Q,G06
302,G06Q40/04,G06Q,G06
303,G06F11/30,G06F,G06
303,G06F11/34,G06F,G06
303,G06F16/908,G06F,G06
304,G06F18/214,G06F,G06
304,G06F18/23,G06F,G06
304,G06N3/04,G06N,G06
304,G06N3/08,G06N,G06
304,G06Q30/0601,G06Q,G06
304,H04L67/55,H04L,H04
305,H04N21/2187,H04N,H04
305,H04N21/25,H04N,H04
305,H04N21/254,H04N,H04
305,H04N21/258,H04N,H04
305,H04N21/45,H04N,H04
305,H04N21/466,H04N,H04
305,H04N21/478,H04N,H04
306,G06Q20/12,G06Q,G06
306,G06Q30/06,G06Q,G06
306,G06T13/40,G06T,G06
306,G06T19/20,G06T,G06
306,G06T7/215,G06T,G06
307,G06Q50/08,G06Q,G06
307,G16Y10/30,G16Y,G16
307,G16Y10/80,G16Y,G16
307,G16Y40/10,G16Y,G16
307,G16Y40/35,G16Y,G16
308,G16C20/40,G16C,G16
308,G16C20/70,G16C,G16
308,G16C20/90,G16C,G16
308,G16C60/00,G16C,G16
309,B41J2/175,B41J,B41
309,G06Q20/12,G06Q,G06
309,G06Q20/38,G06Q,G06
310,G06F18/241,G06F,G06
310,G06F18/25,G06F,G06
310,G06Q30/0201,G06Q,G06
310,G06Q30/0601,G06Q,G06
311,G06F16/9535,G06F,G06
311,G06F16/9538,G06F,G06
311,G06Q30/0601,G06Q,G06
312,G06Q30/0601,G06Q,G06
312,G06T11/60,G06T,G06
312,G06T7/194,G06T,G06
313,G06F16/9035,G06F,G06
313,G06F16/9535,G06F,G06
313,G06F18/241,G06F,G06
313,G06Q30/0601,G06Q,G06
314,G06F16/951,G06F,G06
314,G06F16/9538,G06F,G06
314,G06Q30/0201,G06Q,G06
314,G06Q30/0601,G06Q,G06
315,G06Q20/38,G06Q,G06
315,G06Q20/40,G06Q,G06
316,A63F13/67,A63F,A63
316,A63F13/798,A63F,A63
317,F25D11/02,F25D,F25
317,G06N20/00,G06N,G06
317,G16H10/60,G16H,G16
317,G16H20/60,G16H,G16
317,G16H50/70,G16H,G16
318,G06F16/51,G06F,G06
318,G06F16/532,G06F,G06
318,G06F16/583,G06F,G06
318,G06T3/4046,G06T,G06
318,G06T3/4053,G06T,G06
318,G06V10/74,G06V,G06
318,G06V10/82,G06V,G06
319,G06F16/953,G06F,G06
319,G06F16/9535,G06F,G06
319,G06F16/9538,G06F,G06
320,G06F16/9535,G06F,G06
320,G06N3/0455,G06N,G06
320,G06N5/04,G06N,G06
320,G06Q30/0601,G06Q,G06
321,G06F16/535,G06F,G06
321,G06F16/55,G06F,G06
321,G06F16/9032,G06F,G06
321,G06N20/00,G06N,G06
321,G06Q30/02,G06Q,G06
321,G06Q30/06,G06Q,G06
321,G06Q50/10,G06Q,G06
321,G06T15/20,G06T,G06
321,G06T19/00,G06T,G06
321,G06T5/00,G06T,G06
322,G06Q10/063,G06Q,G06
322,G06Q10/0875,G06Q,G06
322,G06Q30/0601,G06Q,G06
323,G06Q20/40,G06Q,G06
324,G06F18/20,G06F,G06
324,G06F18/22,G06F,G06
324,G06Q10/0631,G06Q,G06
324,G06Q30/0601,G06Q,G06
325,G06Q10/0631,G06Q,G06
326,G06F18/2413,G06F,G06
326,G06Q30/0204,G06Q,G06
326,G06Q30/0601,G06Q,G06
327,G06Q30/06,G06Q,G06
328,G06F3/0485,G06F,G06
328,G06F40/279,G06F,G06
328,G06N20/00,G06N,G06
328,G06Q30/06,G06Q,G06
328,G06T7/11,G06T,G06
328,G06V10/25,G06V,G06
328,G06V10/40,G06V,G06
328,G06V20/62,G06V,G06
329,G06F3/0485,G06F,G06
329,G06F40/20,G06F,G06
329,G06F40/279,G06F,G06
329,G06N20/00,G06N,G06
329,G06Q30/06,G06Q,G06
329,G06T7/11,G06T,G06
329,G06V10/25,G06V,G06
329,G06V10/40,G06V,G06
329,G06V20/62,G06V,G06
330,G06Q10/0635,G06Q,G06
330,G06Q30/0201,G06Q,G06
330,G06Q30/0601,G06Q,G06
331,G06N20/00,G06N,G06
331,G06Q10/08,G06Q,G06
331,G06Q20/12,G06Q,G06
331,G06Q20/28,G06Q,G06
331,G06Q20/38,G06Q,G06
331,G06Q20/40,G06Q,G06
331,G06Q30/06,G06Q,G06
331,G06Q40/02,G06Q,G06
331,G06Q40/03,G06Q,G06
331,G06Q40/06,G06Q,G06
332,G06N5/022,G06N,G06
332,G06Q10/1053,G06Q,G06
332,G06Q50/00,G06Q,G06
333,G06F18/22,G06F,G06
333,G06Q30/0601,G06Q,G06
334,G06Q10/06,G06Q,G06
334,G06Q10/08,G06Q,G06
334,G06Q10/087,G06Q,G06
335,G06N20/00,G06N,G06
335,G06Q10/08,G06Q,G06
335,G06Q10/06,G06Q,G06
335,G06Q10/087,G06Q,G06
336,G06F16/951,G06F,G06
336,G06F18/21,G06F,G06
336,G06F18/214,G06F,G06
336,G06F18/25,G06F,G06
336,G06F18/27,G06F,G06
336,G06N3/08,G06N,G06
337,G06Q20/12,G06Q,G06
337,G06Q30/0207,G06Q,G06
338,G06N3/045,G06N,G06
338,G06N3/047,G06N,G06
338,G06N3/0499,G06N,G06
338,G06N3/084,G06N,G06
338,G06Q30/0241,G06Q,G06
338,G06Q30/0242,G06Q,G06
338,G06Q30/0251,G06Q,G06
339,G06F11/14,G06F,G06
339,G06F8/65,G06F,G06
339,G06F8/71,G06F,G06
339,G06N3/08,G06N,G06
339,G06Q10/06,G06Q,G06
339,G06Q30/02,G06Q,G06
339,G06Q30/06,G06Q,G06
339,G06V10/70,G06V,G06
339,H04L9/00,H04L,H04
340,G06F11/14,G06F,G06
340,G06F11/34,G06F,G06
340,G06F21/62,G06F,G06
340,G06F8/65,G06F,G06
340,G06F8/71,G06F,G06
340,G06Q10/00,G06Q,G06
340,G06Q10/06,G06Q,G06
340,G06Q30/02,G06Q,G06
340,G06Q30/06,G06Q,G06
340,G06Q50/22,G06Q,G06
340,G06V10/70,G06V,G06
341,G06F16/2457,G06F,G06
341,G06Q30/0601,G06Q,G06
342,G06F18/243,G06F,G06
342,G06F18/27,G06F,G06
342,G06N5/01,G06N,G06
342,G06Q10/0639,G06Q,G06
343,G06F16/48,G06F,G06
343,G06F3/04842,G06F,G06
343,G06F3/14,G06F,G06
344,G06N3/0455,G06N,G06
344,G06N3/0895,G06N,G06
344,G06Q30/0601,G06Q,G06
345,G06Q30/0601,G06Q,G06
346,G06Q10/02,G06Q,G06
346,G06Q10/0631,G06Q,G06
346,G06Q30/0601,G06Q,G06
347,G06F18/10,G06F,G06
347,G06F18/214,G06F,G06
347,G06F18/22,G06F,G06
347,G06Q10/0633,G06Q,G06
347,G06Q30/0601,G06Q,G06
348,G06F17/18,G06F,G06
348,G06N20/00,G06N,G06
348,G06Q30/02,G06Q,G06
348,G06Q30/06,G06Q,G06
349,G06Q20/02,G06Q,G06
349,G06Q20/06,G06Q,G06
349,H04L9/00,H04L,H04
349,H04L9/32,H04L,H04
350,G06Q20/38,G06Q,G06
350,G06Q20/40,G06Q,G06
351,G06N3/0464,G06N,G06
351,G06N3/08,G06N,G06
351,G06Q30/0601,G06Q,G06
352,G06F18/211,G06F,G06
352,G06F18/232,G06F,G06
352,G06F18/241,G06F,G06
352,G06N3/006,G06N,G06
352,G06Q30/0601,G06Q,G06
353,G06N20/00,G06N,G06
353,G06Q10/08,G06Q,G06
353,G06Q30/02,G06Q,G06
353,G06Q30/06,G06Q,G06
353,G06Q50/04,G06Q,G06
354,G06Q10/0635,G06Q,G06
354,G06Q10/087,G06Q,G06
354,G06Q10/10,G06Q,G06
354,G06Q30/0201,G06Q,G06
354,G06Q30/0601,G06Q,G06
355,G06Q10/0631,G06Q,G06
355,G06Q10/0835,G06Q,G06
356,G06Q20/38,G06Q,G06
356,G06Q20/40,G06Q,G06
356,G06Q30/0601,G06Q,G06
357,G06F18/23,G06F,G06
357,G06F40/216,G06F,G06
357,G06F40/284,G06F,G06
357,G06Q30/0201,G06Q,G06
357,G06Q30/0601,G06Q,G06
358,G06F21/10,G06F,G06
358,G06N20/00,G06N,G06
359,G06Q20/10,G06Q,G06
359,G06Q20/12,G06Q,G06
359,G06Q30/0601,G06Q,G06
359,G06T17/00,G06T,G06
359,G06V40/16,G06V,G06
359,G10L13/08,G10L,G10
359,G10L15/22,G10L,G10
359,G10L17/14,G10L,G10
359,G10L19/00,G10L,G10
359,H04L67/104,H04L,H04
359,H04L67/1097,H04L,H04
359,H04L67/12,H04L,H04
360,G06F16/951,G06F,G06
360,G06F8/20,G06F,G06
360,G06F8/30,G06F,G06
360,G06N20/00,G06N,G06
360,G06Q30/0201,G06Q,G06
360,G06Q30/0202,G06Q,G06
361,G06F18/213,G06F,G06
361,G06F18/2433,G06F,G06
361,G06N3/02,G06N,G06
361,G06Q20/40,G06Q,G06
361,G06Q30/0601,G06Q,G06
362,G06N3/098,G06N,G06
362,G06Q10/10,G06Q,G06
362,G06Q20/12,G06Q,G06
362,H04L67/10,H04L,H04
363,G06Q30/02,G06Q,G06
363,G06Q30/06,G06Q,G06
364,G06F16/33,G06F,G06
364,G06F16/9535,G06F,G06
364,G06F17/18,G06F,G06
364,G06N20/00,G06N,G06
364,G06Q30/02,G06Q,G06
365,G06Q30/0601,G06Q,G06
365,G06T17/00,G06T,G06
366,G06F18/15,G06F,G06
366,G06F18/24,G06F,G06
366,G06N3/09,G06N,G06
366,G06Q20/22,G06Q,G06
366,G06Q30/0201,G06Q,G06
366,G06Q40/04,G06Q,G06
367,G06F16/9535,G06F,G06
367,G06Q30/02,G06Q,G06
367,G06Q30/0601,G06Q,G06
368,G06N7/01,G06N,G06
368,G06Q30/0601,G06Q,G06
369,G03B15/00,G03B,G03
369,G06N20/00,G06N,G06
369,G06T1/00,G06T,G06
369,G06T17/00,G06T,G06
369,G06V20/64,G06V,G06
369,H04N1/21,H04N,H04
370,G06Q30/0201,G06Q,G06
370,G06Q30/0202,G06Q,G06
370,G06Q30/0601,G06Q,G06
370,G06T15/04,G06T,G06
370,G06T17/30,G06T,G06
370,G06T19/00,G06T,G06
371,G06F18/24,G06F,G06
371,G06N3/0455,G06N,G06
371,G06N3/08,G06N,G06
371,G06N5/04,G06N,G06
372,G06Q30/0251,G06Q,G06
372,G06Q30/0601,G06Q,G06
373,G06Q10/10,G06Q,G06
373,G06Q30/0601,G06Q,G06
373,G06Q40/08,G06Q,G06
373,G06Q50/18,G06Q,G06
374,G06F17/10,G06F,G06
374,G06Q40/03,G06Q,G06
375,G06F40/30,G06F,G06
375,G06Q10/063,G06Q,G06
375,G06Q10/0635,G06Q,G06
376,G06F16/951,G06F,G06
376,G06F16/9535,G06F,G06
376,G06Q30/0201,G06Q,G06
376,G06Q30/0251,G06Q,G06
376,G06Q30/0601,G06Q,G06
377,G06N20/00,G06N,G06
377,G06Q20/06,G06Q,G06
377,G06T13/40,G06T,G06
377,H04L9/00,H04L,H04
377,G06Q20/00,G06Q,G06
378,G06Q30/0207,G06Q,G06
378,G06Q30/0214,G06Q,G06
378,G06Q50/00,G06Q,G06
378,H04L67/02,H04L,H04
378,H04L67/50,H04L,H04
379,G06F9/50,G06F,G06
379,G06N20/00,G06N,G06
379,G06Q30/0207,G06Q,G06
380,G06F18/24,G06F,G06
380,G06N20/00,G06N,G06
380,G06Q30/0203,G06Q,G06
381,G06Q30/0601,G06Q,G06
382,A47G29/14,A47G,A47
382,A47G29/20,A47G,A47
382,G06Q20/06,G06Q,G06
383,G06F16/332,G06F,G06
383,G06F40/30,G06F,G06
383,G06N3/045,G06N,G06
383,G06N3/082,G06N,G06
384,G06F21/60,G06F,G06
384,G06F21/62,G06F,G06
384,G06Q30/0601,G06Q,G06
385,G06F8/33,G06F,G06
386,G06N3/0455,G06N,G06
386,G06N3/0475,G06N,G06
386,G06N3/092,G06N,G06
387,G06N20/00,G06N,G06
387,G06Q30/02,G06Q,G06
387,G06Q30/06,G06Q,G06
388,G06N3/08,G06N,G06
389,G06F16/957,G06F,G06
389,G06F16/958,G06F,G06
390,G06F16/957,G06F,G06
390,G06F16/958,G06F,G06
391,G06Q30/01,G06Q,G06
391,G06Q30/0202,G06Q,G06
392,G06F18/213,G06F,G06
392,G06F18/23213,G06F,G06
392,G06F18/24,G06F,G06
392,G06N3/042,G06N,G06
392,G06N3/0464,G06N,G06
392,G06N3/08,G06N,G06
392,G06Q30/0201,G06Q,G06
392,G06Q30/0601,G06Q,G06
393,G06F3/04815,G06F,G06
393,G06F3/04845,G06F,G06
393,G06Q30/0601,G06Q,G06
393,G06T19/00,G06T,G06
394,G06Q10/087,G06Q,G06
394,G06Q30/0201,G06Q,G06
394,G06Q30/0203,G06Q,G06
394,G06Q50/02,G06Q,G06
395,G06N20/00,G06N,G06
395,G06N3/10,G06N,G06
395,G06Q50/18,G06Q,G06
396,G06F16/33,G06F,G06
396,G06F40/186,G06F,G06
396,G06F40/30,G06F,G06
396,G06N3/0464,G06N,G06
396,G06N3/08,G06N,G06
396,G06Q30/01,G06Q,G06
396,G06Q30/0282,G06Q,G06
396,G06F16/334,G06F,G06
397,G06F16/9535,G06F,G06
397,G06F16/9536,G06F,G06
397,G06F18/2431,G06F,G06
397,G06N3/0442,G06N,G06
397,G06N3/09,G06N,G06
398,H04N21/2187,H04N,H04
398,H04N21/431,H04N,H04
398,H04N21/442,H04N,H04
398,H04N21/466,H04N,H04
398,H04N21/478,H04N,H04
398,H04N21/4784,H04N,H04
398,H04N21/488,H04N,H04
399,G06F16/583,G06F,G06
399,G06N3/04,G06N,G06
399,G06N3/08,G06N,G06
399,G06V10/74,G06V,G06
399,G06V10/774,G06V,G06
400,G06Q30/0201,G06Q,G06
400,G06Q30/0202,G06Q,G06
400,G06Q30/0601,G06Q,G06
401,G16H70/20,G16H,G16
402,G06F40/16,G06F,G06
402,G06F8/20,G06F,G06
402,G06F8/30,G06F,G06
402,G06F8/36,G06F,G06
403,G06Q30/0241,G06Q,G06
403,G06Q30/0601,G06Q,G06
404,G06N20/00,G06N,G06
404,G06Q10/08,G06Q,G06
404,G06Q20/12,G06Q,G06
404,G06Q30/06,G06Q,G06
404,G06Q50/10,G06Q,G06
404,G06Q50/50,G06Q,G06
404,G06T13/40,G06T,G06
404,H04L12/18,H04L,H04
404,H04L51/02,H04L,H04
405,G06F16/27,G06F,G06
405,G06F21/62,G06F,G06
405,G06Q50/06,G06Q,G06
405,G16H10/60,G16H,G16
406,C12Q1/686,C12Q,C12
406,G06Q30/00,G06Q,G06
406,G06N20/00,G06N,G06
406,G06N5/04,G06N,G06
406,G06Q30/0214,G06Q,G06
406,G06Q30/06,G06Q,G06
406,G16B20/00,G16B,G16
406,G16B40/00,G16B,G16
406,C12Q1/6869,C12Q,C12
406,G06F16/2457,G06F,G06
407,H04N21/431,H04N,H04
407,H04N21/442,H04N,H04
407,H04N21/443,H04N,H04
407,H04N21/472,H04N,H04
408,H04N21/431,H04N,H04
408,H04N21/442,H04N,H04
408,H04N21/443,H04N,H04
408,H04N21/466,H04N,H04
408,H04N21/472,H04N,H04
409,G08B21/00,G08B,G08
409,G16Y20/10,G16Y,G16
410,G06F16/23,G06F,G06
410,G06F21/62,G06F,G06
410,G06Q30/0203,G06Q,G06
410,G06Q30/0601,G06Q,G06
410,G06Q40/04,G06Q,G06
410,H04L67/1396,H04L,H04
410,H04L67/50,H04L,H04
411,G06F18/213,G06F,G06
411,G06F18/2135,G06F,G06
411,G06F18/23213,G06F,G06
411,G06F18/243,G06F,G06
411,G06F18/2433,G06F,G06
411,G06F18/25,G06F,G06
411,G06N3/0442,G06N,G06
411,G06N3/0455,G06N,G06
411,G06N3/09,G06N,G06
411,G06N5/022,G06N,G06
411,G06Q30/0201,G06Q,G06
411,G06Q30/0601,G06Q,G06
412,G06F18/10,G06F,G06
412,G06F18/211,G06F,G06
412,G06F18/213,G06F,G06
412,G06F18/2413,G06F,G06
412,G06N3/0455,G06N,G06
412,G06N3/08,G06N,G06
412,G06N3/084,G06N,G06
412,G06Q30/0201,G06Q,G06
413,G06F16/9535,G06F,G06
413,G06F18/25,G06F,G06
413,G06F40/30,G06F,G06
413,G06N3/042,G06N,G06
413,G06N3/045,G06N,G06
413,G06N3/0464,G06N,G06
413,G06N3/048,G06N,G06
413,G06N3/0985,G06N,G06
413,G06Q30/0601,G06Q,G06
414,G06Q10/08,G06Q,G06
414,G06Q30/02,G06Q,G06
414,G06Q30/06,G06Q,G06
414,G06Q50/10,G06Q,G06
414,G06Q50/50,G06Q,G06
414,G06T13/40,G06T,G06
414,G06T19/00,G06T,G06
415,G06F16/21,G06F,G06
415,G06F18/214,G06F,G06
415,G06F18/241,G06F,G06
415,G06F18/2431,G06F,G06
415,G06F40/16,G06F,G06
415,G06F40/186,G06F,G06
415,G06F40/194,G06F,G06
415,G06N5/04,G06N,G06
416,G06Q30/0601,G06Q,G06
416,G10L13/08,G10L,G10
416,H04N21/2187,H04N,H04
416,H04N21/466,H04N,H04
416,H04N21/4788,H04N,H04
416,H04N21/485,H04N,H04
416,H04N5/222,H04N,H04
417,G06F18/23,G06F,G06
417,G06F18/24,G06F,G06
417,G06Q30/0201,G06Q,G06
417,G06Q30/0202,G06Q,G06
417,G06Q30/0601,G06Q,G06
418,G06F16/21,G06F,G06
418,G06F16/242,G06F,G06
418,G06F16/25,G06F,G06
418,G06F8/30,G06F,G06
418,G06F9/54,G06F,G06
419,H04N21/431,H04N,H04
419,H04N21/44,H04N,H04
419,H04N21/472,H04N,H04
419,H04N21/854,H04N,H04
419,H04N21/8545,H04N,H04
420,G06F16/215,G06F,G06
420,G06F16/2458,G06F,G06
420,G06F16/25,G06F,G06
420,G06Q30/0202,G06Q,G06
420,G06Q30/0601,G06Q,G06
421,G06N3/0464,G06N,G06
421,G06Q10/087,G06Q,G06
421,G06V10/764,G06V,G06
421,G06V10/774,G06V,G06
421,G06V10/80,G06V,G06
421,G06V10/82,G06V,G06
422,G06F18/27,G06F,G06
422,G06Q30/018,G06Q,G06
422,G06Q30/0601,G06Q,G06
422,G06Q50/06,G06Q,G06
423,G06Q30/0242,G06Q,G06
424,G06F40/58,G06F,G06
424,G06N20/00,G06N,G06
424,G06Q10/107,G06Q,G06
425,G06F40/166,G06F,G06
425,G06F40/20,G06F,G06
425,G06F40/284,G06F,G06
426,G06F16/9538,G06F,G06
426,G06F40/30,G06F,G06
426,G06Q30/0282,G06Q,G06
426,G06Q30/0601,G06Q,G06
427,G06F16/33,G06F,G06
427,G06F16/335,G06F,G06
428,G06N3/044,G06N,G06
428,G06N3/0442,G06N,G06
428,G06N3/045,G06N,G06
428,G06Q10/0875,G06Q,G06
428,G06Q30/01,G06Q,G06
428,G06Q30/0251,G06Q,G06
428,G06Q30/0601,G06Q,G06
429,G06F16/35,G06F,G06
429,G06F16/36,G06F,G06
429,G06F16/38,G06F,G06
430,G06F18/213,G06F,G06
430,G06F18/23,G06F,G06
430,G06F18/2431,G06F,G06
430,G06F18/2433,G06F,G06
430,G06N20/20,G06N,G06
430,G06N5/01,G06N,G06
430,G06Q40/00,G06Q,G06
431,G06V40/10,G06V,G06
431,G06V40/16,G06V,G06
431,H04N21/234,H04N,H04
431,H04N21/2343,H04N,H04
431,H04N21/44,H04N,H04
431,H04N21/4402,H04N,H04
431,H04N21/81,H04N,H04
432,G06V40/10,G06V,G06
432,G06V40/16,G06V,G06
432,H04N21/234,H04N,H04
432,H04N21/2343,H04N,H04
432,H04N21/44,H04N,H04
432,H04N21/4402,H04N,H04
432,H04N21/81,H04N,H04
433,G06F40/10,G06F,G06
433,G06F40/216,G06F,G06
433,G06F40/35,G06F,G06
433,G06F40/56,G06F,G06
433,G06N3/08,G06N,G06
433,G10L13/08,G10L,G10
433,G10L15/18,G10L,G10
433,G06N20/00,G06N,G06
433,G10L15/02,G10L,G10
433,G10L15/22,G10L,G10
433,G10L25/87,G10L,G10
434,G06N5/022,G06N,G06
434,G06Q30/0601,G06Q,G06
435,G06F16/11,G06F,G06
435,G06F16/21,G06F,G06
435,G06F40/30,G06F,G06
435,G06F7/00,G06F,G06
435,G06N20/00,G06N,G06
435,G06F8/40,G06F,G06
436,G06F16/532,G06F,G06
436,G06F16/583,G06F,G06
436,G06F16/9032,G06F,G06
436,G06V10/22,G06V,G06
436,G06V20/60,G06V,G06
437,G06F16/9535,G06F,G06
438,H04L47/72,H04L,H04
438,H04L47/78,H04L,H04
439,G06F18/214,G06F,G06
439,G06N3/084,G06N,G06
439,G06N3/0895,G06N,G06
439,G06Q30/018,G06Q,G06
439,G06Q30/0601,G06Q,G06
440,G06F16/33,G06F,G06
440,G06F16/332,G06F,G06
440,G06N3/006,G06N,G06
440,G06N5/04,G06N,G06
441,G06F40/166,G06F,G06
442,G06F16/951,G06F,G06
442,G06F16/953,G06F,G06
442,G06N20/00,G06N,G06
442,G06Q30/06,G06Q,G06
443,G06F16/9535,G06F,G06
443,G06F16/9538,G06F,G06
443,G06F18/241,G06F,G06
443,G06Q30/0601,G06Q,G06
444,G06F18/24,G06F,G06
444,G06F40/216,G06F,G06
444,G06Q30/0201,G06Q,G06
445,G06T11/00,G06T,G06
446,G06N3/0442,G06N,G06
446,G06N3/0464,G06N,G06
446,G06N3/049,G06N,G06
446,G06N3/08,G06N,G06
446,G10L15/18,G10L,G10
446,G10L15/26,G10L,G10
446,G10L25/09,G10L,G10
446,G10L25/18,G10L,G10
446,G10L25/24,G10L,G10
446,G10L25/30,G10L,G10
446,G10L25/63,G10L,G10
447,G06F16/33,G06F,G06
447,G06F16/332,G06F,G06
447,G06F40/186,G06F,G06
447,G06F40/30,G06F,G06
448,G06F18/214,G06F,G06
448,G06N20/00,G06N,G06
448,G06N5/04,G06N,G06
449,G06N20/00,G06N,G06
449,G06N3/08,G06N,G06
449,G06Q10/00,G06Q,G06
449,G06Q10/04,G06Q,G06
449,G06Q10/06,G06Q,G06
449,G06Q10/08,G06Q,G06
449,G06Q30/02,G06Q,G06
450,H04R1/10,H04R,H04
451,B08B5/02,B08B,B08
451,G03B21/14,G03B,G03
451,G03B21/54,G03B,G03
451,G09B5/02,G09B,G09
452,G06F16/2457,G06F,G06
452,G06F3/01,G06F,G06
452,G06Q30/02,G06Q,G06
453,G06N20/00,G06N,G06
453,H04L67/1095,H04L,H04
454,H04L51/04,H04L,H04
454,H04L51/21,H04L,H04
454,H04L51/216,H04L,H04
454,H04L51/224,H04L,H04
455,G06F18/21,G06F,G06
455,G06F18/24,G06F,G06
455,G06F40/151,G06F,G06
455,G06N3/006,G06N,G06
456,G06F16/33,G06F,G06
456,G06F16/332,G06F,G06
456,G06F40/284,G06F,G06
456,G06N3/0455,G06N,G06
456,G06N5/022,G06N,G06
456,G06N5/04,G06N,G06
457,H04L41/06,H04L,H04
457,H04L41/16,H04L,H04
458,G06N3/0455,G06N,G06
458,G06N3/08,G06N,G06
458,G06N5/04,G06N,G06
459,G06F21/62,G06F,G06
459,G06Q20/10,G06Q,G06
459,G06Q20/40,G06Q,G06
459,G06Q30/0601,G06Q,G06
459,G06Q40/03,G06Q,G06
460,G06T17/20,G06T,G06
460,G06T19/20,G06T,G06
461,G06F16/953,G06F,G06
461,G06F16/9535,G06F,G06
461,G06F40/295,G06F,G06
461,G06N3/0442,G06N,G06
461,G06N3/049,G06N,G06
461,G06N3/084,G06N,G06
461,G06Q30/0601,G06Q,G06
462,G06F11/30,G06F,G06
462,G06F11/34,G06F,G06
462,G06F8/71,G06F,G06
462,G06N3/0455,G06N,G06
462,G06N3/096,G06N,G06
462,G06N3/0985,G06N,G06
462,G06N3/10,G06N,G06
463,G06F16/9535,G06F,G06
463,G06N5/025,G06N,G06
464,G06F8/30,G06F,G06
464,G06F8/41,G06F,G06
464,G06F8/65,G06F,G06
464,G06F8/71,G06F,G06
465,H04N21/44,H04N,H04
465,H04N21/472,H04N,H04
465,H04N21/81,H04N,H04
465,H04N23/60,H04N,H04
466,G06F16/951,G06F,G06
466,G06F16/9536,G06F,G06
466,G06N3/042,G06N,G06
466,G06N3/08,G06N,G06
466,G06Q30/0601,G06Q,G06
467,G06F40/16,G06F,G06
467,G06N5/04,G06N,G06
468,G06F18/21,G06F,G06
468,G06F18/214,G06F,G06
468,G06F18/241,G06F,G06
468,G06Q30/0601,G06Q,G06
468,G06T11/40,G06T,G06
468,H04N21/2187,H04N,H04
468,H04N21/254,H04N,H04
468,H04N21/478,H04N,H04
469,G06Q10/10,G06Q,G06
469,G06Q10/107,G06Q,G06
469,G06Q10/109,G06Q,G06
469,G06Q20/12,G06Q,G06
469,G06Q30/0201,G06Q,G06
469,G06Q30/0207,G06Q,G06
469,G06Q30/0601,G06Q,G06
469,G06Q50/00,G06Q,G06
469,H04L51/04,H04L,H04
469,H04L65/1069,H04L,H04
469,H04L9/40,H04L,H04
470,G06F40/166,G06F,G06
470,G06F40/30,G06F,G06
470,G06N10/20,G06N,G06
470,G06N3/0455,G06N,G06
470,G06N3/0475,G06N,G06
470,G06N3/094,G06N,G06
470,G06N5/04,G06N,G06
470,G06Q30/0601,G06Q,G06
471,G06F16/242,G06F,G06
471,G06F16/9535,G06F,G06
471,G06F18/213,G06F,G06
471,G06F18/24,G06F,G06
471,G06Q30/0601,G06Q,G06
472,G06Q30/0201,G06Q,G06
472,G06Q30/0251,G06Q,G06
472,G06Q30/0601,G06Q,G06
473,G06F16/33,G06F,G06
473,G06F16/332,G06F,G06
473,G06F16/958,G06F,G06
473,G06N3/0475,G06N,G06
473,G06N3/096,G06N,G06
473,G06Q30/02,G06Q,G06
473,G06Q30/06,G06Q,G06
473,H04L51/02,H04L,H04
473,H04L51/046,H04L,H04
474,G06Q30/018,G06Q,G06
474,G06Q40/04,G06Q,G06
474,G06Q40/06,G06Q,G06
475,G06T17/00,G06T,G06
475,G06V10/82,G06V,G06
475,G06V40/16,G06V,G06
476,G06F16/332,G06F,G06
476,G06F16/35,G06F,G06
476,G06F40/35,G06F,G06
476,G06N3/084,G06N,G06
476,G06N3/092,G06N,G06
476,G06Q30/015,G06Q,G06
477,H04N21/442,H04N,H04
477,H04N21/466,H04N,H04
477,H04N21/478,H04N,H04
477,H04N21/4788,H04N,H04
478,G06F16/31,G06F,G06
478,G06F16/34,G06F,G06
478,G06F16/35,G06F,G06
478,G06F40/166,G06F,G06
478,G06F40/216,G06F,G06
478,G06F40/30,G06F,G06
478,G06Q30/0282,G06Q,G06
479,G06F3/0481,G06F,G06
479,G06F3/0484,G06F,G06
479,G06F3/04883,G06F,G06
479,G06F9/451,G06F,G06
480,G06F9/455,G06F,G06
481,G06F9/54,G06F,G06
482,G06F18/22,G06F,G06
482,G06F40/284,G06F,G06
482,G06F9/451,G06F,G06
482,G06Q10/0639,G06Q,G06
483,G06N3/0455,G06N,G06
483,G06T13/20,G06T,G06
483,G06T13/40,G06T,G06
483,G10L21/10,G10L,G10
484,G06N20/00,G06N,G06
484,G06N3/008,G06N,G06
485,G06F16/951,G06F,G06
485,G06F40/279,G06F,G06
485,G06N3/0442,G06N,G06
485,G06N3/096,G06N,G06
485,G06Q30/0202,G06Q,G06
485,G06Q30/0282,G06Q,G06
485,G06Q30/0601,G06Q,G06
486,G06Q30/02,G06Q,G06
486,G06Q30/0251,G06Q,G06
486,G06Q30/0601,G06Q,G06
487,G06Q10/10,G06Q,G06
487,G06Q10/109,G06Q,G06
487,G06Q20/02,G06Q,G06
487,G06Q20/06,G06Q,G06
487,G06Q20/08,G06Q,G06
487,G06Q20/12,G06Q,G06
487,G06Q20/14,G06Q,G06
487,G06Q20/38,G06Q,G06
487,G06Q30/02,G06Q,G06
487,G06Q30/0241,G06Q,G06
487,G06Q30/0601,G06Q,G06
487,G06Q50/00,G06Q,G06
487,G06Q50/10,G06Q,G06
488,G06F16/9535,G06F,G06
488,G06N3/042,G06N,G06
488,G06N3/08,G06N,G06
488,G06Q30/0601,G06Q,G06
489,G06V10/764,G06V,G06
489,G06V10/774,G06V,G06
489,G06V10/82,G06V,G06
490,G06F18/20,G06F,G06
490,G06Q10/087,G06Q,G06
490,G06Q30/0201,G06Q,G06
490,G06Q30/0601,G06Q,G06
491,G06F16/3329,G06F,G06
491,G06F16/35,G06F,G06
491,G06N3/006,G06N,G06
492,G06F16/9535,G06F,G06
492,G06F16/9538,G06F,G06
492,G06Q30/0601,G06Q,G06
493,G06F18/23213,G06F,G06
493,G06F18/27,G06F,G06
493,G06N5/01,G06N,G06
493,G06Q10/047,G06Q,G06
493,G06Q10/083,G06Q,G06
493,G06Q10/0831,G06Q,G06
493,G06Q10/0835,G06Q,G06
493,G06Q30/0601,G06Q,G06
494,G06F16/951,G06F,G06
494,G06F40/35,G06F,G06
494,G06Q30/02,G06Q,G06
494,G06Q30/06,G06Q,G06
494,G06Q50/10,G06Q,G06
494,G06Q50/20,G06Q,G06
494,G06Q50/50,G06Q,G06
495,G06F16/958,G06F,G06
495,G06N20/00,G06N,G06
495,G06Q30/06,G06Q,G06
495,G06T11/60,G06T,G06
496,G06F8/61,G06F,G06
496,G06Q30/0601,G06Q,G06
496,G06F3/0481,G06F,G06
496,H04L67/12,H04L,H04
496,H04W8/00,H04W,H04
496,G16Y40/35,G16Y,G16
497,G06Q30/0601,G06Q,G06
497,G06T11/00,G06T,G06
497,G06V10/764,G06V,G06
498,G06F21/57,G06F,G06
498,G06F21/60,G06F,G06
498,G06N20/00,G06N,G06
499,G06F3/0482,G06F,G06
499,G06Q30/0601,G06Q,G06
500,G06T13/40,G06T,G06
500,G06T15/04,G06T,G06
501,G06F16/951,G06F,G06
501,G06F16/9535,G06F,G06
502,G01S19/14,G01S,G01
502,G06N20/00,G06N,G06
502,G06Q30/06,G06Q,G06
502,G06Q50/10,G06Q,G06
503,G06Q30/0201,G06Q,G06
503,G06Q30/0202,G06Q,G06
504,G06F16/18,G06F,G06
504,G06F18/22,G06F,G06
504,G06Q30/0601,G06Q,G06
505,G01G19/00,G01G,G01
505,G06K7/10,G06K,G06
505,G06K7/14,G06K,G06
505,G06N20/00,G06N,G06
505,G06Q10/087,G06Q,G06
505,G06Q10/20,G06Q,G06
505,G06Q30/016,G06Q,G06
505,G06Q30/018,G06Q,G06
505,G06Q30/0202,G06Q,G06
505,G06Q30/0601,G06Q,G06
505,G06Q30/0645,G06Q,G06
505,G06Q50/00,G06Q,G06
505,G06V20/00,G06V,G06
505,G06V30/10,G06V,G06
506,G06F16/9035,G06F,G06
506,G06F40/40,G06F,G06
506,G06F9/445,G06F,G06
506,G06Q10/0639,G06Q,G06
506,H04L67/1001,H04L,H04
507,G06F8/30,G06F,G06
507,G06N3/02,G06N,G06
507,G06N5/043,G06N,G06
508,G06N3/045,G06N,G06
508,G06N3/08,G06N,G06
508,G06T11/00,G06T,G06
508,G06T3/4053,G06T,G06
509,G10L19/022,G10L,G10
509,G10L19/16,G10L,G10
509,G10L21/007,G10L,G10
509,G10L25/06,G10L,G10
509,G10L25/48,G10L,G10
510,G06F21/62,G06F,G06
510,H04L45/00,H04L,H04
511,G06F21/10,G06F,G06
511,G06F21/16,G06F,G06
512,G06F16/951,G06F,G06
512,G06F18/214,G06F,G06
512,G06N3/0442,G06N,G06
512,G06N3/045,G06N,G06
512,G06N3/084,G06N,G06
512,G06N3/0985,G06N,G06
512,G06Q10/04,G06Q,G06
512,G06Q30/0202,G06Q,G06
512,G06Q50/02,G06Q,G06
512,G16Y10/05,G16Y,G16
512,G16Y20/10,G16Y,G16
512,G16Y40/10,G16Y,G16
512,G16Y40/20,G16Y,G16
512,H04L67/12,H04L,H04
512,G06F123/02,G06F,G06
513,G06Q30/0601,G06Q,G06
513,G06T11/00,G06T,G06
514,G06F16/35,G06F,G06
514,G06F18/22,G06F,G06
514,G06F21/60,G06F,G06
514,G06F21/62,G06F,G06
515,G06F16/3329,G06F,G06
515,G06F16/334,G06F,G06
515,G06N5/04,G06N,G06
516,G01N33/48,G01N,G01
516,G06Q30/02,G06Q,G06
516,G06Q30/06,G06Q,G06
516,G06V40/20,G06V,G06
516,G16H10/20,G16H,G16
516,G16H10/60,G16H,G16
516,G16H40/20,G16H,G16
516,G16H50/20,G16H,G16
516,G16H70/00,G16H,G16
516,G16H80/00,G16H,G16
517,G06F3/0487,G06F,G06
518,G06N3/042,G06N,G06
518,G06N3/0455,G06N,G06
518,G06N3/048,G06N,G06
518,G06N3/08,G06N,G06
518,G06N3/084,G06N,G06
518,G06Q30/0202,G06Q,G06
518,G06Q30/0203,G06Q,G06
518,G06Q30/0601,G06Q,G06
518,G06Q50/02,G06Q,G06
519,H04N21/2187,H04N,H04
520,G06F18/27,G06F,G06
520,G06N20/00,G06N,G06
520,G06N3/0499,G06N,G06
520,G06N3/09,G06N,G06
520,G06Q10/0631,G06Q,G06
520,G06Q10/087,G06Q,G06
521,G06F18/10,G06F,G06
521,G06F18/213,G06F,G06
521,G06F18/22,G06F,G06
521,G06F18/24,G06F,G06
521,G06F18/25,G06F,G06
521,G06F21/31,G06F,G06
521,G06N20/00,G06N,G06
521,G06N3/0455,G06N,G06
521,G06N3/08,G06N,G06
521,G06Q30/0601,G06Q,G06
522,G06F16/3329,G06F,G06
522,G06F16/34,G06F,G06
522,G06F16/35,G06F,G06
522,G06F16/55,G06F,G06
522,G06F16/583,G06F,G06
522,G06F16/75,G06F,G06
522,G06F16/783,G06F,G06
523,G06F16/9536,G06F,G06
523,G06F18/232,G06F,G06
523,G06N3/084,G06N,G06
523,G06Q30/01,G06Q,G06
523,G06Q30/0601,G06Q,G06
523,G06Q40/00,G06Q,G06
524,G06F11/34,G06F,G06
524,G06F16/2458,G06F,G06
524,G06F16/26,G06F,G06
524,G06F16/904,G06F,G06
524,G06Q30/02,G06Q,G06
525,H04N21/2187,H04N,H04
525,H04N21/235,H04N,H04
525,H04N21/25,H04N,H04
525,H04N21/431,H04N,H04
525,H04N21/466,H04N,H04
525,H04N21/488,H04N,H04
525,H04N21/81,H04N,H04
526,G06F16/3349,G06F,G06
526,G06F16/338,G06F,G06
526,G06N20/00,G06N,G06
527,G06F40/00,G06F,G06
528,G06F40/205,G06F,G06
528,G06F40/295,G06F,G06
528,G06Q20/12,G06Q,G06
528,G06Q30/0207,G06Q,G06
528,G06Q30/0601,G06Q,G06
529,G06Q30/0201,G06Q,G06
530,G06N3/045,G06N,G06
530,G06N3/0475,G06N,G06
530,G06N3/096,G06N,G06
531,G06N3/08,G06N,G06
531,G06Q30/0201,G06Q,G06
531,G06Q30/0202,G06Q,G06
532,G06F3/16,G06F,G06
532,G06Q30/0601,G06Q,G06
532,G06Q30/00,G06Q,G06
533,G06F3/16,G06F,G06
533,G06Q30/0601,G06Q,G06
534,G06F16/735,G06F,G06
534,G06F16/78,G06F,G06
534,H04N21/2187,H04N,H04
534,H04N21/431,H04N,H04
534,H04N21/435,H04N,H04
534,H04N21/4788,H04N,H04
535,G06F18/23,G06F,G06
535,G06Q10/0631,G06Q,G06
535,G06Q10/083,G06Q,G06
535,G06Q30/0601,G06Q,G06
536,G10L15/06,G10L,G10
536,G10L15/16,G10L,G10
536,G10L15/18,G10L,G10
536,G10L15/22,G10L,G10
537,G06Q50/10,G06Q,G06
538,G06Q30/06,G06Q,G06
539,G06N3/04,G06N,G06
539,G06Q30/02,G06Q,G06
539,G06Q30/06,G06Q,G06
540,G06Q30/0601,G06Q,G06
540,G06Q30/0645,G06Q,G06
541,G06Q30/0601,G06Q,G06
542,G06F16/3329,G06F,G06
542,G06F16/334,G06F,G06
542,G06F16/35,G06F,G06
542,G06F16/9535,G06F,G06
542,G06N3/08,G06N,G06
543,G06F16/9535,G06F,G06
543,G06Q30/0601,G06Q,G06
544,G06F16/9535,G06F,G06
544,G06F30/27,G06F,G06
544,G06Q30/0201,G06Q,G06
545,G06F16/9535,G06F,G06
545,G06F18/214,G06F,G06
545,G06N3/042,G06N,G06
545,G06N3/045,G06N,G06
545,G06N3/08,G06N,G06
545,G06Q30/0601,G06Q,G06
546,G06F18/15,G06F,G06
546,G06F18/211,G06F,G06
546,G06F18/214,G06F,G06
546,G06F18/241,G06F,G06
547,G06F16/334,G06F,G06
547,G06F16/35,G06F,G06
547,G06F40/30,G06F,G06
547,G06N3/0455,G06N,G06
547,G06N5/04,G06N,G06
548,G06F16/9535,G06F,G06
548,G06F18/22,G06F,G06
548,G06F21/32,G06F,G06
548,G06N5/01,G06N,G06
548,G06Q30/0601,G06Q,G06
548,G06Q40/03,G06Q,G06
549,G06F18/10,G06F,G06
549,G06F18/214,G06F,G06
549,G06F18/2431,G06F,G06
549,G06F18/25,G06F,G06
549,G06N3/0442,G06N,G06
549,G06N3/0464,G06N,G06
549,G06N3/092,G06N,G06
550,G06N20/00,G06N,G06
550,G06Q50/10,G06Q,G06
550,G16H10/60,G16H,G16
550,G16H20/10,G16H,G16
550,G16H20/60,G16H,G16
550,G16H40/20,G16H,G16
550,G16H50/30,G16H,G16
550,G16H50/70,G16H,G16
551,G06Q30/015,G06Q,G06
551,G06Q30/0601,G06Q,G06
552,G06Q10/20,G06Q,G06
552,G06Q30/0601,G06Q,G06
553,G06F16/9535,G06F,G06
553,G06F16/958,G06F,G06
553,G06F18/22,G06F,G06
553,G06F40/284,G06F,G06
553,G06N3/0464,G06N,G06
553,G06Q30/0601,G06Q,G06
553,H04L67/55,H04L,H04
554,G06F21/10,G06F,G06
554,G06N3/0475,G06N,G06
554,G06Q30/02,G06Q,G06
554,G06Q50/00,G06Q,G06
554,G06Q50/10,G06Q,G06
555,G01C21/20,G01C,G01
555,G01D21/02,G01D,G01
555,G06F18/10,G06F,G06
555,G06F18/23,G06F,G06
555,G06Q10/047,G06Q,G06
555,G06Q10/0631,G06Q,G06
555,G06Q10/083,G06Q,G06
556,G06F16/9535,G06F,G06
556,G06Q30/0601,G06Q,G06
557,G06F18/10,G06F,G06
557,G06F18/214,G06F,G06
557,G06F18/2433,G06F,G06
557,G06Q30/0201,G06Q,G06
557,G06Q30/0202,G06Q,G06
557,G06Q30/0207,G06Q,G06
557,G06Q30/0282,G06Q,G06
557,G06Q30/0601,G06Q,G06
558,G06F21/62,G06F,G06
558,G06F9/451,G06F,G06
558,G06Q30/0601,G06Q,G06
559,G06Q10/10,G06Q,G06
559,G06Q30/01,G06Q,G06
560,G05D1/20,G05D,G05
561,G06N3/0455,G06N,G06
561,G06T7/70,G06T,G06
561,G06V10/82,G06V,G06
561,G06V20/40,G06V,G06
561,G06V40/20,G06V,G06
562,G06F16/951,G06F,G06
562,G06F40/205,G06F,G06
562,G06Q30/0201,G06Q,G06
563,G06F18/10,G06F,G06
563,G06F18/21,G06F,G06
563,G06F18/243,G06F,G06
563,G06N3/044,G06N,G06
563,G06N3/0442,G06N,G06
563,G06N3/045,G06N,G06
563,G06Q30/0601,G06Q,G06
564,G06F16/951,G06F,G06
564,G06N20/00,G06N,G06
564,G06Q30/0201,G06Q,G06
564,G06Q30/0202,G06Q,G06
564,G06Q30/0241,G06Q,G06
564,G06Q30/0242,G06Q,G06
564,G06Q30/0251,G06Q,G06
564,G06Q30/0601,G06Q,G06
565,G06F21/62,G06F,G06
565,G06F9/451,G06F,G06
565,G06Q30/0601,G06Q,G06
566,G06F40/30,G06F,G06
566,G06N3/0442,G06N,G06
566,G06N3/0464,G06N,G06
566,G06N3/08,G06N,G06
566,G06N5/04,G06N,G06
566,G06Q30/0601,G06Q,G06
567,G06F16/9536,G06F,G06
567,G06F18/10,G06F,G06
567,G06F18/213,G06F,G06
567,G06F18/23213,G06F,G06
567,G06F18/2431,G06F,G06
567,G06Q30/0201,G06Q,G06
567,G06Q30/0601,G06Q,G06
568,G06F16/9535,G06F,G06
568,G06F16/9536,G06F,G06
568,G06F21/62,G06F,G06
568,G06Q30/0201,G06Q,G06
568,G06Q30/0601,G06Q,G06
569,G06F40/284,G06F,G06
569,G06F40/30,G06F,G06
569,G06N5/04,G06N,G06
569,G06Q30/0282,G06Q,G06
570,G06F16/951,G06F,G06
571,G06F18/213,G06F,G06
571,G06F21/30,G06F,G06
571,G06F21/31,G06F,G06
571,G06F40/00,G06F,G06
571,G06N3/02,G06N,G06
571,G06N3/08,G06N,G06
571,G06V30/32,G06V,G06
571,H04L9/32,H04L,H04
571,H04L9/40,H04L,H04
571,H04W12/06,H04W,H04
572,G06F21/30,G06F,G06
572,G06F21/31,G06F,G06
572,G06F40/00,G06F,G06
572,G06N3/02,G06N,G06
572,G06N3/08,G06N,G06
572,H04L9/32,H04L,H04
572,H04L9/40,H04L,H04
572,H04W12/06,H04W,H04
573,G06F16/332,G06F,G06
573,G06F40/30,G06F,G06
573,G06Q10/02,G06Q,G06
573,G06Q30/0601,G06Q,G06
573,H04L51/02,H04L,H04
574,G06F16/35,G06F,G06
574,G06F16/951,G06F,G06
574,G06N3/045,G06N,G06
574,G06N3/08,G06N,G06
574,G06Q10/0639,G06Q,G06
574,G06Q30/0601,G06Q,G06
574,G06Q50/18,G06Q,G06
575,H04N21/2187,H04N,H04
575,H04N21/466,H04N,H04
575,H04N21/478,H04N,H04
576,G06F16/958,G06F,G06
576,G06F3/04817,G06F,G06
576,G06N3/08,G06N,G06
576,G06Q30/06,G06Q,G06
576,G06T11/60,G06T,G06
577,G06F16/903,G06F,G06
577,G06F16/9032,G06F,G06
577,G06F16/9035,G06F,G06
577,G06F16/9038,G06F,G06
577,G06F18/22,G06F,G06
577,G06F40/20,G06F,G06
577,G06N5/022,G06N,G06
577,G06Q50/00,G06Q,G06
578,G06Q10/08,G06Q,G06
578,G06Q20/20,G06Q,G06
578,G06Q30/02,G06Q,G06
578,G06Q30/06,G06Q,G06
578,G06Q50/50,G06Q,G06
578,H04L51/02,H04L,H04
579,G06F18/214,G06F,G06
579,G06F18/24,G06F,G06
579,G06N20/00,G06N,G06
579,G06Q10/0639,G06Q,G06
580,G06F18/10,G06F,G06
580,G06F18/15,G06F,G06
580,G06F18/21,G06F,G06
580,G06F18/213,G06F,G06
580,G06F18/2135,G06F,G06
580,G06F18/214,G06F,G06
580,G06F21/60,G06F,G06
580,G06F21/62,G06F,G06
580,G06N20/00,G06N,G06
581,G06F3/0482,G06F,G06
581,G06F3/0484,G06F,G06
581,G06Q30/0601,G06Q,G06
582,G06F21/10,G06F,G06
582,G06Q10/10,G06Q,G06
582,G06Q20/06,G06Q,G06
582,G06Q20/36,G06Q,G06
582,G06Q30/06,G06Q,G06
582,G06Q50/18,G06Q,G06
583,G06F3/0481,G06F,G06
583,G06F3/04842,G06F,G06
583,G06F3/04883,G06F,G06
583,G06Q30/0601,G06Q,G06
584,G06F16/9035,G06F,G06
584,G06Q30/0601,G06Q,G06
585,G06Q40/08,G06Q,G06
585,G06T7/00,G06T,G06
585,G16H10/60,G16H,G16
585,G16H30/40,G16H,G16
586,G06F18/23,G06F,G06
586,G06N5/01,G06N,G06
586,G06Q10/04,G06Q,G06
586,G06Q10/0639,G06Q,G06
586,G06Q30/0601,G06Q,G06
587,G06F18/213,G06F,G06
587,G06F18/214,G06F,G06
587,G06F9/48,G06F,G06
587,G06F9/50,G06F,G06
587,G06N20/00,G06N,G06
587,G06N3/044,G06N,G06
587,G06N3/0442,G06N,G06
587,G06N3/092,G06N,G06
587,H04L67/1008,H04L,H04
587,H04L67/1029,H04L,H04
587,H04L67/104,H04L,H04
587,H04L67/12,H04L,H04
587,H04L67/61,H04L,H04
587,H04L67/62,H04L,H04
588,G06Q10/0633,G06Q,G06
588,G06Q30/0241,G06Q,G06
589,G06Q30/0601,G06Q,G06
589,H04L67/1396,H04L,H04
589,H04L67/306,H04L,H04
589,H04L67/50,H04L,H04
589,H04L67/55,H04L,H04
590,G06F21/10,G06F,G06
590,G06Q30/02,G06Q,G06
590,G06Q30/06,G06Q,G06
590,G06Q50/10,G06Q,G06
591,G06F16/9535,G06F,G06
591,G06F16/9537,G06F,G06
591,G06Q30/0601,G06Q,G06
592,G06F40/40,G06F,G06
592,G06Q30/0251,G06Q,G06
592,H04L51/21,H04L,H04
592,H04L67/306,H04L,H04
592,H04W4/02,H04W,H04
593,G06F16/3329,G06F,G06
593,G06F16/334,G06F,G06
593,G06F16/36,G06F,G06
593,G06F40/35,G06F,G06
593,G06N3/0442,G06N,G06
593,G06N3/045,G06N,G06
593,G06N3/0475,G06N,G06
593,G06N5/025,G06N,G06
593,G06N5/04,G06N,G06
594,G06F18/213,G06F,G06
594,G06F18/22,G06F,G06
594,G06F18/25,G06F,G06
594,G06N3/04,G06N,G06
594,G06Q30/0601,G06Q,G06
595,G06N3/00,G06N,G06
595,G06Q10/00,G06Q,G06
595,G06Q30/00,G06Q,G06
596,G06Q10/20,G06Q,G06
596,G07C5/00,G07C,G07
597,G06F16/334,G06F,G06
597,G06F40/289,G06F,G06
597,G06N5/022,G06N,G06
598,G06N20/20,G06N,G06
598,G06N5/01,G06N,G06
598,G06Q10/087,G06Q,G06
598,G06Q30/0202,G06Q,G06
598,G06Q30/0601,G06Q,G06
599,G06F16/215,G06F,G06
599,G06F16/242,G06F,G06
599,G06F16/2455,G06F,G06
599,G06F16/901,G06F,G06
599,G06F8/71,G06F,G06
599,G06N20/00,G06N,G06
600,G06Q30/018,G06Q,G06
600,G06Q30/0601,G06Q,G06
601,G06F18/22,G06F,G06
601,G06F40/284,G06F,G06
601,G06Q30/0202,G06Q,G06
602,G06Q10/0631,G06Q,G06
602,G06Q10/0639,G06Q,G06
602,G06Q50/10,G06Q,G06
603,G06F30/10,G06F,G06
603,G06Q10/063,G06Q,G06
603,G06Q30/0201,G06Q,G06
603,G06Q30/0601,G06Q,G06
603,G06Q50/04,G06Q,G06
604,G06F16/2455,G06F,G06
604,G06F16/901,G06F,G06
604,G06F16/9038,G06F,G06
604,G06F16/9535,G06F,G06
604,G06F16/9537,G06F,G06
604,G06F21/57,G06F,G06
604,G06F9/455,G06F,G06
604,G06F9/54,G06F,G06
604,H04L43/045,H04L,H04
604,H04L43/06,H04L,H04
604,H04L67/306,H04L,H04
604,H04L67/50,H04L,H04
604,H04L9/40,H04L,H04
605,G06F17/18,G06F,G06
605,G06F18/213,G06F,G06
605,G06F18/2323,G06F,G06
605,G06F18/25,G06F,G06
605,G06F18/27,G06F,G06
605,G06F21/60,G06F,G06
605,G06N5/022,G06N,G06
605,G06N5/025,G06N,G06
605,G06Q30/0601,G06Q,G06
606,G06N20/00,G06N,G06
606,G06Q10/06,G06Q,G06
606,G06Q30/02,G06Q,G06
606,G06Q30/06,G06Q,G06
607,G06Q10/04,G06Q,G06
607,G06Q10/063,G06Q,G06
608,G06F18/22,G06F,G06
608,G06Q30/0241,G06Q,G06
608,G06Q30/0251,G06Q,G06
609,G06F18/23,G06F,G06
609,G06F18/25,G06F,G06
609,G06N3/048,G06N,G06
609,G06N3/08,G06N,G06
609,G06Q30/0203,G06Q,G06
610,G06F16/901,G06F,G06
610,G06F16/9032,G06F,G06
610,G06F16/9035,G06F,G06
610,G06F16/9038,G06F,G06
610,G06F16/906,G06F,G06
610,G06F16/9535,G06F,G06
610,G06N3/08,G06N,G06
610,G06Q30/02,G06Q,G06
610,G06Q50/50,G06Q,G06
610,H04L51/02,H04L,H04
610,H04L67/50,H04L,H04
611,G06F18/21,G06F,G06
611,G06F18/214,G06F,G06
611,G06F18/23213,G06F,G06
611,G06F18/2411,G06F,G06
611,G06F18/2431,G06F,G06
611,G06Q10/083,G06Q,G06
611,G06Q10/0833,G06Q,G06
611,G06Q30/018,G06Q,G06
611,G06Q30/0203,G06Q,G06
611,G06Q30/0601,G06Q,G06
611,G06F123/02,G06F,G06
612,H04L41/16,H04L,H04
612,H04L9/06,H04L,H04
612,H04W24/02,H04W,H04
612,H04W4/14,H04W,H04
613,G06T13/20,G06T,G06
613,G06T13/40,G06T,G06
613,G10L13/10,G10L,G10
614,G06T13/20,G06T,G06
614,G10L13/08,G10L,G10
614,H04N21/81,H04N,H04
615,G07F9/00,G07F,G07
615,G07F9/02,G07F,G07
616,G06N3/0455,G06N,G06
616,G06N3/0475,G06N,G06
616,G06N3/092,G06N,G06
616,G06N3/094,G06N,G06
616,H04N21/233,H04N,H04
616,H04N21/234,H04N,H04
616,H04N21/2343,H04N,H04
616,H04N21/235,H04N,H04
616,H04N21/258,H04N,H04
616,H04N21/435,H04N,H04
616,H04N21/439,H04N,H04
616,H04N21/44,H04N,H04
616,H04N21/4402,H04N,H04
616,H04N21/45,H04N,H04
616,H04N21/472,H04N,H04
617,G06N20/00,G06N,G06
618,F04D25/08,F04D,F04
618,F04D29/70,F04D,F04
619,G06N3/006,G06N,G06
619,G06N3/048,G06N,G06
619,G06N3/0895,G06N,G06
619,G06Q10/0639,G06Q,G06
619,G06Q30/0601,G06Q,G06
620,A61L2/00,A61L,A61
620,G16H40/40,G16H,G16
620,G16Y10/60,G16Y,G16
620,G16Y40/10,G16Y,G16
621,G06F16/35,G06F,G06
621,G06F18/25,G06F,G06
621,G06N3/006,G06N,G06
621,G06N3/045,G06N,G06
621,G06N3/0455,G06N,G06
621,G06N3/092,G06N,G06
622,G06F16/9535,G06F,G06
622,G06F18/213,G06F,G06
622,G06F18/22,G06F,G06
622,G06F18/25,G06F,G06
623,G06F16/36,G06F,G06
623,G06F18/15,G06F,G06
623,G06F18/214,G06F,G06
623,G06N5/04,G06N,G06
623,G06Q30/0201,G06Q,G06
623,G06Q30/0202,G06Q,G06
624,G06T11/60,G06T,G06
625,G06F18/241,G06F,G06
625,G06F18/25,G06F,G06
625,G06Q30/018,G06Q,G06
626,G06F40/279,G06F,G06
626,G06F40/35,G06F,G06
626,G06N20/00,G06N,G06
626,G06Q30/02,G06Q,G06
626,G06Q30/0282,G06Q,G06
626,G06Q30/0601,G06Q,G06
626,G06Q50/00,G06Q,G06
626,G10L15/02,G10L,G10
626,G10L15/183,G10L,G10
626,G10L15/26,G10L,G10
626,G10L25/63,G10L,G10
627,G06F40/14,G06F,G06
627,G06F9/451,G06F,G06
628,G05B19/418,G05B,G05
628,G06F11/30,G06F,G06
628,G06N20/00,G06N,G06
628,G06F11/34,G06F,G06
628,G06F9/50,G06F,G06
628,G06N3/08,G06N,G06
628,G06N3/0895,G06N,G06
628,G06N3/09,G06N,G06
628,G06N3/091,G06N,G06
628,G06N3/092,G06N,G06
628,G06N3/094,G06N,G06
628,G06N3/098,G06N,G06
628,G06N3/0985,G06N,G06
629,G16H10/60,G16H,G16
629,G16H40/20,G16H,G16
629,G16H50/20,G16H,G16
630,G16H10/60,G16H,G16
630,G16H40/67,G16H,G16
631,G06N20/00,G06N,G06
631,G06N3/02,G06N,G06
631,G06Q10/04,G06Q,G06
631,G06Q10/0633,G06Q,G06
631,G06Q20/04,G06Q,G06
631,G06Q20/08,G06Q,G06
631,G06Q20/36,G06Q,G06
631,G06Q40/04,G06Q,G06
631,H04L9/08,H04L,H04
631,G06Q10/06,G06Q,G06
632,G06Q30/0601,G06Q,G06
633,G06F16/9035,G06F,G06
633,G06F16/9038,G06F,G06
633,G06F18/23213,G06F,G06
633,G06F18/25,G06F,G06
633,G06Q30/0601,G06Q,G06
634,G06F9/50,G06F,G06
634,G06N3/0455,G06N,G06
634,G06N3/08,G06N,G06
634,G06Q10/0831,G06Q,G06
635,H04L51/02,H04L,H04
635,H04L67/02,H04L,H04
635,H04L69/16,H04L,H04
636,G06F18/25,G06F,G06
636,G06N20/00,G06N,G06
636,G06N3/042,G06N,G06
636,G06N3/045,G06N,G06
636,G06N3/08,G06N,G06
636,G09B19/06,G09B,G09
636,G09B5/06,G09B,G09
636,G16H20/70,G16H,G16
637,G06F18/15,G06F,G06
637,G06F18/213,G06F,G06
637,G06F18/214,G06F,G06
637,G06F18/2411,G06F,G06
637,G06F18/2415,G06F,G06
637,G06F18/25,G06F,G06
637,G06Q30/0601,G06Q,G06
638,G06F16/951,G06F,G06
638,G06F40/242,G06F,G06
638,G06F40/30,G06F,G06
638,G06N20/00,G06N,G06
638,G06N3/08,G06N,G06
638,G06Q30/0202,G06Q,G06
638,G06Q30/0207,G06Q,G06
638,G06Q30/0251,G06Q,G06
638,G06Q30/0282,G06Q,G06
638,G06Q50/00,G06Q,G06
639,A61D99/00,A61D,A61
639,G06Q50/02,G06Q,G06
640,G06F16/3329,G06F,G06
640,G06F16/35,G06F,G06
640,G06F21/55,G06F,G06
640,G06F40/205,G06F,G06
640,G06F40/253,G06F,G06
640,G06F40/279,G06F,G06
640,G06F40/35,G06F,G06
640,G06Q30/015,G06Q,G06
641,G06F30/12,G06F,G06
641,G06F30/27,G06F,G06
641,G06Q30/0201,G06Q,G06
641,G06F111/16,G06F,G06
642,G06N20/00,G06N,G06
642,G06Q30/0201,G06Q,G06
642,G06Q30/0601,G06Q,G06
643,G06N3/0475,G06N,G06
644,G06N5/022,G06N,G06
644,G06Q30/0201,G06Q,G06
645,G06F16/28,G06F,G06
645,G06Q30/0251,G06Q,G06
646,G06F21/60,G06F,G06
646,G06F21/64,G06F,G06
646,G06N20/00,G06N,G06
646,G06Q30/0207,G06Q,G06
646,G06Q30/0214,G06Q,G06
647,G06F16/16,G06F,G06
647,G06F16/18,G06F,G06
647,G06F16/215,G06F,G06
647,G06F9/50,G06F,G06
647,G06N20/00,G06N,G06
648,G06N3/006,G06N,G06
648,G06N3/0455,G06N,G06
648,G06Q10/0631,G06Q,G06
648,G06Q50/14,G06Q,G06
649,G06F16/9532,G06F,G06
649,G06F16/9535,G06F,G06
649,G06N5/022,G06N,G06
649,G06N5/04,G06N,G06
649,G06Q30/0601,G06Q,G06
650,G06F16/25,G06F,G06
650,G06F16/27,G06F,G06
650,G06F21/62,G06F,G06
650,G06N3/042,G06N,G06
650,G06N3/098,G06N,G06
650,G06Q10/0835,G06Q,G06
650,G06Q30/0202,G06Q,G06
650,G06Q30/0601,G06Q,G06
650,G06Q50/02,G06Q,G06
651,G06F16/732,G06F,G06
651,G06F16/738,G06F,G06
651,G06F21/10,G06F,G06
651,G06N3/0475,G06N,G06
651,G06Q20/06,G06Q,G06
651,G06Q50/10,G06Q,G06
651,H04L9/00,H04L,H04
651,H04L9/08,H04L,H04
651,H04N21/454,H04N,H04
651,H04N21/854,H04N,H04
652,G06Q30/0601,G06Q,G06
652,G06Q50/00,G06Q,G06
652,G06V10/82,G06V,G06
652,G06V20/62,G06V,G06
652,G06V20/68,G06V,G06
652,G10L15/16,G10L,G10
652,G10L15/22,G10L,G10
652,G16H20/30,G16H,G16
652,G16H20/60,G16H,G16
653,G06N3/042,G06N,G06
653,G06N3/045,G06N,G06
653,G06N3/0464,G06N,G06
653,G06N3/0895,G06N,G06
653,G06N3/09,G06N,G06
653,G06N5/025,G06N,G06
653,G06N5/04,G06N,G06
653,G06Q30/0207,G06Q,G06
653,G06Q30/0214,G06Q,G06
654,G06T11/60,G06T,G06
655,G06F3/0481,G06F,G06
655,G06Q30/02,G06Q,G06
655,G06Q30/06,G06Q,G06
655,G06V10/764,G06V,G06
655,G06V20/60,G06V,G06
655,H04N21/4728,H04N,H04
656,G06F30/12,G06F,G06
656,G06Q10/0631,G06Q,G06
656,G06Q10/087,G06Q,G06
656,G06Q30/0207,G06Q,G06
656,G06Q30/0601,G06Q,G06
656,G06Q50/06,G06Q,G06
657,G06Q30/0601,G06Q,G06
658,G06Q20/12,G06Q,G06
658,G06Q20/36,G06Q,G06
658,H04L9/00,H04L,H04
659,G06F11/14,G06F,G06
659,G06F16/174,G06F,G06
659,G06F21/60,G06F,G06
659,G06F21/62,G06F,G06
659,G06F21/64,G06F,G06
659,G06F40/166,G06F,G06
659,G06F40/289,G06F,G06
659,G06F40/30,G06F,G06
659,G06N3/006,G06N,G06
659,G06N3/0455,G06N,G06
659,G06N3/0475,G06N,G06
659,G06N3/094,G06N,G06
659,G06N3/096,G06N,G06
659,G06N3/098,G06N,G06
659,G06Q30/0201,G06Q,G06
659,G06Q30/0207,G06Q,G06
659,G10L15/16,G10L,G10
659,G10L15/18,G10L,G10
659,G10L15/26,G10L,G10
659,G10L25/30,G10L,G10
659,G10L25/63,G10L,G10
659,H04N21/854,H04N,H04
660,G06F16/951,G06F,G06
660,G06F40/237,G06F,G06
660,G06F40/279,G06F,G06
660,G06N3/0475,G06N,G06
660,G06Q10/10,G06Q,G06
660,G06Q30/02,G06Q,G06
660,G06Q50/10,G06Q,G06
660,G06Q50/18,G06Q,G06
660,G06T19/20,G06T,G06
660,G10L15/26,G10L,G10
661,G06F16/906,G06F,G06
661,G06F16/9535,G06F,G06
661,G06F16/957,G06F,G06
661,G06F40/30,G06F,G06
661,G06N3/0455,G06N,G06
661,G06N5/04,G06N,G06
661,G06Q30/0203,G06Q,G06
661,G06Q30/0241,G06Q,G06
662,G06F16/3329,G06F,G06
662,G06F40/30,G06F,G06
662,G06N3/0442,G06N,G06
662,G06N3/045,G06N,G06
662,G06N3/092,G06N,G06
662,G06N5/04,G06N,G06
662,G06V10/80,G06V,G06
662,G06V10/82,G06V,G06
663,G06N3/092,G06N,G06
663,G06Q10/04,G06Q,G06
663,G06Q10/0631,G06Q,G06
663,G06Q10/0639,G06Q,G06
663,G06Q10/087,G06Q,G06
664,G06F16/9535,G06F,G06
664,G06N5/01,G06N,G06
664,G06N5/025,G06N,G06
664,G06Q30/0601,G06Q,G06
665,G06Q30/0601,G06Q,G06
665,G06T13/40,G06T,G06
666,G06F16/9535,G06F,G06
666,G06F16/9537,G06F,G06
666,G06Q30/0203,G06Q,G06
666,G06Q30/0251,G06Q,G06
666,G06Q30/0601,G06Q,G06
666,H04L67/306,H04L,H04
666,H04L67/55,H04L,H04
667,G06F18/15,G06F,G06
667,G06F18/213,G06F,G06
667,G06F18/24,G06F,G06
667,G06F9/50,G06F,G06
668,G06F18/213,G06F,G06
668,G06Q10/0635,G06Q,G06
668,G06Q30/0282,G06Q,G06
668,G06Q30/0601,G06Q,G06
669,G06F18/24,G06F,G06
669,G06N20/00,G06N,G06
669,G06Q30/0201,G06Q,G06
669,G06Q40/03,G06Q,G06
670,G06F18/22,G06F,G06
670,G06F18/23213,G06F,G06
670,G06F18/2415,G06F,G06
670,G06F18/25,G06F,G06
670,G06F40/289,G06F,G06
670,G06F40/295,G06F,G06
670,G06F40/30,G06F,G06
670,G06N3/045,G06N,G06
670,G06N3/0455,G06N,G06
670,G06N3/092,G06N,G06
670,G06N5/022,G06N,G06
671,G06F16/242,G06F,G06
671,G06F16/2452,G06F,G06
671,G06F40/284,G06F,G06
671,G06F40/295,G06F,G06
671,G06F40/30,G06F,G06
671,G06N3/006,G06N,G06
671,G06N3/0442,G06N,G06
671,G06N3/045,G06N,G06
671,G06N3/091,G06N,G06
671,G06N3/092,G06N,G06
672,G06Q30/0601,G06Q,G06
672,G06Q50/12,G06Q,G06
673,G06F16/9535,G06F,G06
673,G06Q30/0601,G06Q,G06
674,G06F16/36,G06F,G06
674,G06F18/15,G06F,G06
674,G06F18/213,G06F,G06
674,G06F18/214,G06F,G06
674,G06N3/0475,G06N,G06
675,G06F16/3329,G06F,G06
675,G06F16/334,G06F,G06
675,G06N5/022,G06N,G06
675,G06N5/04,G06N,G06
675,G06Q30/015,G06Q,G06
675,G06Q30/0601,G06Q,G06
676,G06F16/9032,G06F,G06
676,G06F16/9035,G06F,G06
676,G06F16/9038,G06F,G06
676,G06F18/213,G06F,G06
676,G06F18/25,G06F,G06
676,G06N3/045,G06N,G06
676,G06N3/084,G06N,G06
676,G06N3/096,G06N,G06
676,G06N5/04,G06N,G06
677,G06F16/25,G06F,G06
677,G06F18/20,G06F,G06
677,G06F18/214,G06F,G06
677,G06F18/243,G06F,G06
677,G06F18/25,G06F,G06
677,G06Q10/087,G06Q,G06
677,G06Q30/0202,G06Q,G06
677,G06Q30/0601,G06Q,G06
678,G06N3/045,G06N,G06
678,G06Q30/0601,G06Q,G06
679,G06F3/0484,G06F,G06
679,G06F40/166,G06F,G06
679,G06N5/04,G06N,G06
680,G06F16/3329,G06F,G06
680,G06F16/334,G06F,G06
680,G06F40/30,G06F,G06
680,G06N3/04,G06N,G06
680,G06N3/08,G06N,G06
680,G06Q30/016,G06Q,G06
681,G06Q10/04,G06Q,G06
681,G06Q10/109,G06Q,G06
681,G06Q30/01,G06Q,G06
682,E02F3/815,E02F,E02
682,E02F3/96,E02F,E02
682,E02F9/20,E02F,E02
683,G06F18/214,G06F,G06
683,G06N3/0499,G06N,G06
683,H04L9/40,H04L,H04
684,G06F16/535,G06F,G06
684,G06F16/55,G06F,G06
684,G06F16/58,G06F,G06
684,G06F16/583,G06F,G06
684,G06N3/045,G06N,G06
684,G06N3/0455,G06N,G06
684,G06N3/0499,G06N,G06
684,G06N3/096,G06N,G06
684,G06V10/44,G06V,G06
684,G06V10/764,G06V,G06
684,G06V10/82,G06V,G06
685,G06F16/215,G06F,G06
685,G06F16/27,G06F,G06
685,G06F16/9535,G06F,G06
685,G06F18/15,G06F,G06
685,G06F18/213,G06F,G06
685,G06F18/214,G06F,G06
685,G06Q30/0601,G06Q,G06
686,G06F18/214,G06F,G06
686,G06F18/241,G06F,G06
686,G06N3/0455,G06N,G06
686,G06N3/0475,G06N,G06
686,G06N5/04,G06N,G06
686,G06Q30/0201,G06Q,G06
686,G06Q30/0202,G06Q,G06
686,G06Q30/0601,G06Q,G06
686,G06F123/02,G06F,G06
687,G06F18/213,G06F,G06
687,G06F18/22,G06F,G06
687,G06F40/30,G06F,G06
687,G06N3/045,G06N,G06
687,G06N3/096,G06N,G06
687,G06N5/022,G06N,G06
687,G06Q10/0635,G06Q,G06
687,G06Q50/18,G06Q,G06
687,G06V10/40,G06V,G06
688,G06F16/9537,G06F,G06
688,G06F18/23211,G06F,G06
688,G06N3/0455,G06N,G06
688,G06Q30/0601,G06Q,G06
689,G06Q30/0201,G06Q,G06
689,G06Q30/0202,G06Q,G06
689,G06Q30/0241,G06Q,G06
689,G06Q30/0251,G06Q,G06
689,G06Q30/0601,G06Q,G06
690,G06F16/2458,G06F,G06
690,G06F16/28,G06F,G06
690,G06F18/2131,G06F,G06
690,G06F18/27,G06F,G06
690,G06Q30/0601,G06Q,G06
691,G06F3/04842,G06F,G06
691,G06Q20/34,G06Q,G06
691,G06Q30/0251,G06Q,G06
691,G06Q30/0601,G06Q,G06
692,G06F16/53,G06F,G06
692,G06F18/22,G06F,G06
692,G06F18/40,G06F,G06
692,G06F40/30,G06F,G06
692,G06N3/0499,G06N,G06
692,G06Q30/0601,G06Q,G06
692,G06V10/42,G06V,G06
692,G06V10/75,G06V,G06
692,G06V10/80,G06V,G06
692,G06V10/82,G06V,G06
693,G06Q30/0601,G06Q,G06
693,G06V10/20,G06V,G06
693,G06V10/30,G06V,G06
693,G06V10/40,G06V,G06
693,G06V10/74,G06V,G06
694,G06F16/9535,G06F,G06
694,G06N3/042,G06N,G06
694,G06N3/0442,G06N,G06
694,G06Q30/0601,G06Q,G06
695,G06F8/65,G06F,G06
695,G06Q30/0601,G06Q,G06
695,H04N7/18,H04N,H04
696,G06N20/00,G06N,G06
696,G06Q30/0201,G06Q,G06
696,G06Q30/0202,G06Q,G06
696,G06F21/55,G06F,G06
697,G06Q30/015,G06Q,G06
697,H04L51/02,H04L,H04
698,G06F16/215,G06F,G06
698,G06F40/30,G06F,G06
698,G06N5/04,G06N,G06
699,G06F16/31,G06F,G06
699,G06Q30/0601,G06Q,G06
699,G06V10/32,G06V,G06
699,G06V10/75,G06V,G06
700,G06F16/2458,G06F,G06
700,G06F16/25,G06F,G06
700,G06F16/27,G06F,G06
700,G06F16/48,G06F,G06
700,G06F16/951,G06F,G06
700,G06F40/30,G06F,G06
700,G06N3/045,G06N,G06
700,G06N3/0495,G06N,G06
700,G06N3/082,G06N,G06
700,G06N3/096,G06N,G06
700,G06N5/022,G06N,G06
700,G06N5/04,G06N,G06
700,G06Q30/0201,G06Q,G06
700,G06Q30/0202,G06Q,G06
700,G06Q30/0203,G06Q,G06
700,G06Q30/0251,G06Q,G06
700,G06Q30/0283,G06Q,G06
701,G06Q20/38,G06Q,G06
701,G06Q30/02,G06Q,G06
701,G06Q30/06,G06Q,G06
702,H04N21/439,H04N,H04
702,H04N21/44,H04N,H04
702,H04N21/472,H04N,H04
702,H04N21/6587,H04N,H04
702,H04N21/854,H04N,H04
702,H04N5/265,H04N,H04
703,G06F21/62,G06F,G06
703,G06N20/00,G06N,G06
703,G06Q30/0601,G06Q,G06
703,H04L9/40,H04L,H04
704,G06F16/735,G06F,G06
704,G06F16/9535,G06F,G06
704,G06N3/0499,G06N,G06
704,G06N3/08,G06N,G06
705,G06F18/22,G06F,G06
705,G06F18/243,G06F,G06
705,G06F18/25,G06F,G06
705,G06N20/00,G06N,G06
705,G06Q30/0203,G06Q,G06
706,H04N21/439,H04N,H04
706,H04N21/44,H04N,H04
706,H04N21/472,H04N,H04
706,H04N21/6587,H04N,H04
706,H04N21/854,H04N,H04
706,H04N5/265,H04N,H04
707,G06F16/9535,G06F,G06
707,G06F16/9536,G06F,G06
707,G06Q30/0601,G06Q,G06
707,G06V10/82,G06V,G06
707,G06V20/52,G06V,G06
707,G06V40/20,G06V,G06
707,G16H20/70,G16H,G16
708,G06F21/60,G06F,G06
708,G06F21/62,G06F,G06
708,H04L67/10,H04L,H04
710,G06Q10/101,G06Q,G06
711,H04L9/40,H04L,H04
712,G06F16/583,G06F,G06
712,G06F16/906,G06F,G06
712,G06F16/951,G06F,G06
712,G06N3/044,G06N,G06
712,G06N3/045,G06N,G06
712,G06Q30/0241,G06Q,G06
712,G06Q50/10,G06Q,G06
713,G06Q30/0201,G06Q,G06
713,G06Q30/0601,G06Q,G06
714,G06F21/33,G06F,G06
714,G06N20/00,G06N,G06
714,G06Q10/0637,G06Q,G06
714,G06Q10/0639,G06Q,G06
714,G06Q30/012,G06Q,G06
714,G06Q30/018,G06Q,G06
714,G06V20/00,G06V,G06
714,G06V30/18,G06V,G06
714,G06V30/41,G06V,G06
714,G06V30/42,G06V,G06
715,G06Q30/012,G06Q,G06
715,G06Q30/0201,G06Q,G06
715,G06Q30/0601,G06Q,G06
715,G06V20/00,G06V,G06
715,G06V30/10,G06V,G06
716,G06N3/0442,G06N,G06
716,G06N3/0464,G06N,G06
716,G06N3/049,G06N,G06
716,G06N3/084,G06N,G06
716,G06N3/092,G06N,G06
716,G06Q10/087,G06Q,G06
716,G06Q30/0601,G06Q,G06
717,G06F18/22,G06F,G06
717,G06F18/243,G06F,G06
717,G06F9/54,G06F,G06
717,G06N20/00,G06N,G06
717,G06N20/20,G06N,G06
717,G06N3/042,G06N,G06
717,G06N3/045,G06N,G06
717,G06N3/049,G06N,G06
717,G06N5/01,G06N,G06
717,G06Q30/0601,G06Q,G06
718,H04N21/2187,H04N,H04
718,H04N21/44,H04N,H04
718,H04N21/442,H04N,H04
718,H04N21/45,H04N,H04
718,H04N21/466,H04N,H04
718,H04N21/4788,H04N,H04
719,G06Q10/0637,G06Q,G06
719,G06Q10/067,G06Q,G06
719,G06Q30/0601,G06Q,G06
719,G16H20/60,G16H,G16
720,G06Q10/083,G06Q,G06
720,G06Q30/018,G06Q,G06
720,G06Q30/0601,G06Q,G06
720,G06Q50/04,G06Q,G06
720,G06V20/40,G06V,G06
720,G06V20/52,G06V,G06
720,G06V40/20,G06V,G06
720,G16Y10/25,G16Y,G16
720,G16Y10/40,G16Y,G16
720,G16Y20/00,G16Y,G16
720,G16Y20/40,G16Y,G16
720,G16Y40/10,G16Y,G16
720,G16Y40/20,G16Y,G16
720,G16Y40/50,G16Y,G16
720,H04N7/18,H04N,H04
720,H04W4/021,H04W,H04
720,H04W4/029,H04W,H04
720,H04W4/35,H04W,H04
721,G06F18/213,G06F,G06
721,G06F18/25,G06F,G06
721,G06N3/042,G06N,G06
721,G06Q30/0203,G06Q,G06
721,G06Q30/0601,G06Q,G06
721,G06F123/02,G06F,G06
722,G06F18/214,G06F,G06
722,G06N5/04,G06N,G06
722,G06Q10/10,G06Q,G06
722,G06Q30/0601,G06Q,G06
723,G06F18/213,G06F,G06
723,G06F18/2433,G06F,G06
723,G06N20/00,G06N,G06
723,G06Q30/0202,G06Q,G06
724,G06F40/166,G06F,G06
724,G06F40/30,G06F,G06
724,G06Q10/10,G06Q,G06
725,G06F21/62,G06F,G06
725,G06N3/0455,G06N,G06
725,G06N3/092,G06N,G06
726,G06F16/9535,G06F,G06
726,G06F16/9537,G06F,G06
726,G06F18/213,G06F,G06
726,G06F18/241,G06F,G06
726,G06F18/2431,G06F,G06
726,G06N10/60,G06N,G06
726,G06N3/045,G06N,G06
726,G06N3/0455,G06N,G06
726,G06N3/096,G06N,G06
726,G06N5/04,G06N,G06
726,G06N7/01,G06N,G06
726,G06Q10/04,G06Q,G06
728,G06F40/42,G06F,G06
728,G06N3/02,G06N,G06
728,G06Q50/10,G06Q,G06
728,G06Q50/18,G06Q,G06
729,G06Q10/04,G06Q,G06
729,G06Q10/083,G06Q,G06
730,G06F40/103,G06F,G06
730,G06F40/289,G06F,G06
730,G06F40/35,G06F,G06
730,G06F40/40,G06F,G06
730,G06T13/20,G06T,G06
730,G06T13/40,G06T,G06
730,G10L13/027,G10L,G10
730,G10L13/033,G10L,G10
730,G10L13/06,G10L,G10
730,G11B27/10,G11B,G11
731,G06N5/01,G06N,G06
731,G06N5/022,G06N,G06
731,G06Q30/0201,G06Q,G06
731,G06Q30/0601,G06Q,G06
732,G06F18/10,G06F,G06
732,G06F18/20,G06F,G06
732,G06F18/213,G06F,G06
732,G06F18/22,G06F,G06
732,G06F18/25,G06F,G06
732,G06N3/0442,G06N,G06
732,G06N3/045,G06N,G06
732,G06N3/0464,G06N,G06
732,G06N3/084,G06N,G06
732,G06N5/045,G06N,G06
732,G06Q10/0639,G06Q,G06
732,G06Q10/067,G06Q,G06
732,G06Q10/1053,G06Q,G06
732,G06T13/20,G06T,G06
732,G06T17/00,G06T,G06
733,G06F16/951,G06F,G06
733,G06N3/0475,G06N,G06
733,G06N3/096,G06N,G06
733,G06Q10/0631,G06Q,G06
733,G06Q10/0637,G06Q,G06
733,G06Q10/0639,G06Q,G06
733,G06Q10/067,G06Q,G06
733,G06Q10/10,G06Q,G06
734,G06F18/213,G06F,G06
734,G06F18/214,G06F,G06
734,G06F18/24,G06F,G06
734,G06N3/08,G06N,G06
734,G06Q10/0835,G06Q,G06
734,G06Q30/0601,G06Q,G06
735,G06F16/9535,G06F,G06
735,G06F16/9536,G06F,G06
735,G06Q30/0601,G06Q,G06
736,G06F16/9535,G06F,G06
737,G06F18/15,G06F,G06
737,G06F18/241,G06F,G06
737,G06F18/25,G06F,G06
737,G06N3/045,G06N,G06
737,G06Q30/0601,G06Q,G06
738,G06F16/435,G06F,G06
738,G06F40/166,G06F,G06
738,G06F40/35,G06F,G06
738,G06N3/045,G06N,G06
738,G06N3/0475,G06N,G06
738,G06N3/0495,G06N,G06
738,G06N5/04,G06N,G06
738,G06Q30/0601,G06Q,G06
738,G06V20/40,G06V,G06
738,H04N21/232,H04N,H04
738,H04N21/234,H04N,H04
738,H04N21/25,H04N,H04
738,H04N21/258,H04N,H04
738,H04N21/478,H04N,H04
738,H04N21/84,H04N,H04
738,H04N21/845,H04N,H04
738,H04N21/854,H04N,H04
739,G06Q10/087,G06Q,G06
739,G06Q30/00,G06Q,G06
739,G06Q30/0601,G06Q,G06
740,G06Q30/0601,G06Q,G06
740,H04L51/02,H04L,H04
741,G06F18/214,G06F,G06
741,G06F30/27,G06F,G06
741,G06N3/045,G06N,G06
741,G06N3/092,G06N,G06
741,G06Q10/0635,G06Q,G06
741,G06Q10/083,G06Q,G06
741,G06Q10/087,G06Q,G06
741,G06Q30/0601,G06Q,G06
742,G06F18/25,G06F,G06
742,G06N3/0985,G06N,G06
742,G06Q30/0201,G06Q,G06
742,G06Q30/0202,G06Q,G06
742,G06Q50/00,G06Q,G06
742,G06Q50/14,G06Q,G06
743,G06F16/9535,G06F,G06
743,G06F18/214,G06F,G06
743,G06F40/30,G06F,G06
743,G06N3/045,G06N,G06
744,G06F16/35,G06F,G06
744,G06F18/241,G06F,G06
744,G06F40/284,G06F,G06
744,G06F40/30,G06F,G06
745,G06F21/10,G06F,G06
745,G06F21/64,G06F,G06
745,H04L9/00,H04L,H04
745,H04N21/254,H04N,H04
746,G06N3/004,G06N,G06
746,G06N3/092,G06N,G06
746,G06N5/022,G06N,G06
747,G06F16/3329,G06F,G06
747,G06F16/334,G06F,G06
747,G06Q10/0631,G06Q,G06
747,G06Q30/0601,G06Q,G06
748,G06Q30/0251,G06Q,G06
749,G06F18/2137,G06F,G06
749,G06F18/241,G06F,G06
749,G06F18/26,G06F,G06
749,G06Q30/0601,G06Q,G06
749,G06F123/02,G06F,G06
750,G06F16/9535,G06F,G06
750,G06F18/213,G06F,G06
750,G06F18/214,G06F,G06
750,G06F18/24,G06F,G06
750,G06F18/25,G06F,G06
750,G06F18/26,G06F,G06
750,G06F40/30,G06F,G06
750,G06N3/045,G06N,G06
750,G06N3/084,G06N,G06
750,G06N3/092,G06N,G06
750,G06N3/096,G06N,G06
750,G06N5/025,G06N,G06
750,G06N5/04,G06N,G06
750,G06Q30/0201,G06Q,G06
750,G06Q30/0601,G06Q,G06
751,G06N3/0475,G06N,G06
751,G06Q30/0201,G06Q,G06
751,G06Q30/0241,G06Q,G06
751,G06Q30/0601,G06Q,G06
752,B01D46/10,B01D,B01
752,G06F1/18,G06F,G06
752,G06F1/20,G06F,G06
752,G06Q30/0601,G06Q,G06
753,G06F16/3329,G06F,G06
753,G06F16/338,G06F,G06
753,G06N3/0475,G06N,G06
753,G06Q30/0601,G06Q,G06
754,B25J9/16,B25J,B25
754,G06N3/0442,G06N,G06
754,G06N3/08,G06N,G06
754,G06N3/126,G06N,G06
754,G06Q10/04,G06Q,G06
754,G06Q10/047,G06Q,G06
754,G06Q10/0631,G06Q,G06
754,G06Q10/087,G06Q,G06
755,G06F9/48,G06F,G06
755,G06F9/50,G06F,G06
756,G06F16/9032,G06F,G06
756,G06F16/9035,G06F,G06
756,G06F16/9038,G06F,G06
756,G06F40/30,G06F,G06
756,G06N3/045,G06N,G06
756,G06N3/0475,G06N,G06
756,G06N3/096,G06N,G06
756,G06Q30/0251,G06Q,G06
756,H04L51/02,H04L,H04
757,G06N20/00,G06N,G06
757,G06Q10/0631,G06Q,G06
757,G06Q10/0639,G06Q,G06
758,G06Q10/0875,G06Q,G06
759,G06N5/022,G06N,G06
759,H04N21/84,H04N,H04
759,H04N21/854,H04N,H04
760,G06F11/34,G06F,G06
760,G06F18/27,G06F,G06
760,G06N3/0499,G06N,G06
760,G06N3/084,G06N,G06
760,G06N3/09,G06N,G06
760,G06Q30/0601,G06Q,G06
761,G06F18/10,G06F,G06
761,G06F18/213,G06F,G06
761,G06F18/2415,G06F,G06
761,G06F18/25,G06F,G06
761,G06N20/20,G06N,G06
761,G06N5/01,G06N,G06
761,G06Q40/03,G06Q,G06
762,G06F16/9535,G06F,G06
762,G06F16/9538,G06F,G06
762,G06N3/045,G06N,G06
762,G06N3/0475,G06N,G06
762,G06N3/092,G06N,G06
762,G06T11/60,G06T,G06
763,G06F16/9535,G06F,G06
763,G06F16/9538,G06F,G06
764,G06F8/20,G06F,G06
764,G06F8/30,G06F,G06
764,G06N20/00,G06N,G06
764,G06N5/022,G06N,G06
764,G06Q10/083,G06Q,G06
765,G06F18/21,G06F,G06
765,G06F18/214,G06F,G06
765,G06F18/241,G06F,G06
765,G06N5/02,G06N,G06
765,G06N5/04,G06N,G06
765,G06Q10/0635,G06Q,G06
765,G06Q20/40,G06Q,G06
766,G06Q30/0601,G06Q,G06
767,G06F16/951,G06F,G06
767,G06Q10/0631,G06Q,G06
767,G06Q10/083,G06Q,G06
767,G06Q30/0601,G06Q,G06
767,G06Q50/00,G06Q,G06
767,G06Q50/10,G06Q,G06
767,G06Q50/20,G06Q,G06
767,G06Q50/43,G06Q,G06
767,G06Q50/50,G06Q,G06
768,G10L15/06,G10L,G10
768,G10L15/18,G10L,G10
768,G10L15/183,G10L,G10
768,G10L15/26,G10L,G10
769,G06F16/27,G06F,G06
769,G06F16/9536,G06F,G06
769,G06F21/62,G06F,G06
769,G06F21/64,G06F,G06
769,G06Q30/0202,G06Q,G06
769,G06Q30/0601,G06Q,G06
769,G06T19/00,G06T,G06
769,G06V40/10,G06V,G06
770,G06F18/10,G06F,G06
770,G06F18/213,G06F,G06
770,G06F18/22,G06F,G06
770,G06F18/243,G06F,G06
770,G06F18/25,G06F,G06
770,G06F40/284,G06F,G06
770,G06F40/30,G06F,G06
770,G06N3/094,G06N,G06
771,G06F16/335,G06F,G06
771,G06F18/241,G06F,G06
771,G06F40/30,G06F,G06
771,G06Q30/0601,G06Q,G06
772,G06N5/04,G06N,G06
772,G06Q30/0202,G06Q,G06
772,G06Q30/0203,G06Q,G06
773,G06F18/213,G06F,G06
773,G06F18/2431,G06F,G06
773,G06F18/25,G06F,G06
773,G06N3/0442,G06N,G06
773,G06N3/045,G06N,G06
773,G06N5/01,G06N,G06
773,G06Q30/0601,G06Q,G06
774,G06N3/098,G06N,G06
774,G16H10/60,G16H,G16
774,G16H20/10,G16H,G16
774,G16H40/20,G16H,G16
775,G06F18/213,G06F,G06
775,G06F18/241,G06F,G06
775,G06Q30/0203,G06Q,G06
775,G06Q30/0601,G06Q,G06
776,G06F21/10,G06F,G06
776,G06F21/32,G06F,G06
776,G06Q30/0601,G06Q,G06
777,G06F9/50,G06F,G06
778,G06N3/0464,G06N,G06
778,G06V10/26,G06V,G06
778,G06V10/32,G06V,G06
778,G06V10/422,G06V,G06
778,G06V10/44,G06V,G06
778,G06V10/764,G06V,G06
778,G06V10/82,G06V,G06
779,G06K7/14,G06K,G06
779,G06Q30/018,G06Q,G06
780,G06F16/2455,G06F,G06
780,G06F16/9035,G06F,G06
780,G06F16/9038,G06F,G06
780,G06F3/01,G06F,G06
780,G06F3/041,G06F,G06
780,G06T19/00,G06T,G06
781,G06F16/29,G06F,G06
781,G06F16/953,G06F,G06
781,G06F18/21,G06F,G06
781,G06N5/025,G06N,G06
781,G06Q30/0601,G06Q,G06
782,G06F3/0482,G06F,G06
782,G06F3/0484,G06F,G06
782,G06F3/04886,G06F,G06
782,G06Q30/0601,G06Q,G06
783,G06F8/10,G06F,G06
783,G06F8/20,G06F,G06
783,G06F8/30,G06F,G06
783,G06F8/61,G06F,G06
783,G06F8/65,G06F,G06
783,G06F8/71,G06F,G06
783,G06Q30/0601,G06Q,G06
784,G06F18/213,G06F,G06
784,G06F18/24,G06F,G06
784,G06F21/64,G06F,G06
784,G06N20/20,G06N,G06
784,G06N3/0442,G06N,G06
784,G06N3/0455,G06N,G06
784,G06N3/092,G06N,G06
784,G06Q40/03,G06Q,G06
785,G06F16/9536,G06F,G06
785,G06N3/045,G06N,G06
785,G06N3/092,G06N,G06
786,G06F16/9532,G06F,G06
786,G06F16/9535,G06F,G06
786,G06N5/022,G06N,G06
786,G06Q30/0601,G06Q,G06
787,G06F16/9535,G06F,G06
787,G06F16/9536,G06F,G06
787,G06F16/9538,G06F,G06
787,G06N3/0442,G06N,G06
787,G06N3/045,G06N,G06
787,G06N3/0455,G06N,G06
787,G06N3/092,G06N,G06
787,G06Q30/0601,G06Q,G06
788,G06F40/205,G06F,G06
788,G06N3/0464,G06N,G06
788,G06Q30/0201,G06Q,G06
788,G06Q30/0601,G06Q,G06
788,G06Q50/14,G06Q,G06
789,G05D1/20,G05D,G05
789,G05D1/22,G05D,G05
789,G06F21/10,G06F,G06
789,G06F21/30,G06F,G06
789,G06F21/44,G06F,G06
789,G06F21/64,G06F,G06
789,G06F40/103,G06F,G06
789,G06F40/151,G06F,G06
789,G06F40/30,G06F,G06
789,G06N20/00,G06N,G06
789,G06N5/04,G06N,G06
789,H04L9/06,H04L,H04
789,H04L9/40,H04L,H04
789,G05D1/00,G05D,G05
790,G06N20/00,G06N,G06
790,G06N3/02,G06N,G06
790,G06N3/08,G06N,G06
791,G06N5/04,G06N,G06
791,G06Q10/087,G06Q,G06
791,G06Q30/0202,G06Q,G06
791,H04L9/32,H04L,H04
792,G06N20/00,G06N,G06
792,G06Q20/04,G06Q,G06
792,G06Q20/08,G06Q,G06
792,G06Q20/36,G06Q,G06
792,H04L9/08,H04L,H04
793,G06F18/21,G06F,G06
793,G06F18/213,G06F,G06
793,G06F18/214,G06F,G06
793,G06F18/25,G06F,G06
793,G06N3/0455,G06N,G06
793,G06N3/096,G06N,G06
794,G06N3/0464,G06N,G06
794,G06N3/08,G06N,G06
794,G06Q30/0601,G06Q,G06
794,G06T17/00,G06T,G06
794,G06T7/10,G06T,G06
795,G06F40/58,G06F,G06
795,G06Q30/0601,G06Q,G06
796,G06Q30/0202,G06Q,G06
796,G06Q40/06,G06Q,G06
797,H04N21/234,H04N,H04
797,H04N21/254,H04N,H04
797,H04N21/44,H04N,H04
797,H04N21/478,H04N,H04
797,H04N21/8549,H04N,H04
798,G06N5/025,G06N,G06
798,G06N5/04,G06N,G06
798,G06Q10/0635,G06Q,G06
798,G06Q10/08,G06Q,G06
799,G06N20/00,G06N,G06
799,G06Q30/0207,G06Q,G06
800,G06F8/35,G06F,G06
800,G06F8/40,G06F,G06
800,G06F8/41,G06F,G06
800,G06F8/71,G06F,G06
800,G06N5/04,G06N,G06
801,G06F18/22,G06F,G06
801,G06F18/25,G06F,G06
801,G06N3/045,G06N,G06
801,G06V10/74,G06V,G06
801,G06V10/80,G06V,G06
801,G06V10/82,G06V,G06
802,G06T13/40,G06T,G06
802,G06V40/16,G06V,G06
802,G06V40/20,G06V,G06
802,G10L15/25,G10L,G10
802,G10L25/63,G10L,G10
802,H04N21/2187,H04N,H04
802,H04N21/4788,H04N,H04
802,H04N21/81,H04N,H04
802,H04N21/854,H04N,H04
803,G06F18/25,G06F,G06
803,G06N3/0442,G06N,G06
803,G06N3/045,G06N,G06
804,G09B5/02,G09B,G09
804,H05K5/02,H05K,H05
804,H05K5/03,H05K,H05
804,H05K7/14,H05K,H05
805,G06F16/22,G06F,G06
805,G06F16/245,G06F,G06
805,G06F16/951,G06F,G06
805,G06F16/9535,G06F,G06
805,G06F16/9538,G06F,G06
805,G06F16/955,G06F,G06
805,G06Q30/0601,G06Q,G06
806,G06F18/15,G06F,G06
806,G06F18/2135,G06F,G06
806,G06F18/23213,G06F,G06
806,G06F18/2431,G06F,G06
806,G06F18/27,G06F,G06
806,G06F21/62,G06F,G06
806,G06F21/64,G06F,G06
806,G06N20/20,G06N,G06
806,G06N3/006,G06N,G06
806,G06N3/0442,G06N,G06
806,G06N3/0455,G06N,G06
806,G06N3/092,G06N,G06
806,G06N3/098,G06N,G06
806,G06N5/01,G06N,G06
806,G06Q30/0201,G06Q,G06
807,G06F11/34,G06F,G06
807,G06F16/3332,G06F,G06
807,G06F16/334,G06F,G06
807,G06N3/045,G06N,G06
807,G06N5/04,G06N,G06
808,G06F16/9535,G06F,G06
808,G06F16/9537,G06F,G06
808,G06Q30/0601,G06Q,G06
809,G06F16/2455,G06F,G06
809,G06F16/2457,G06F,G06
809,G06F16/248,G06F,G06
809,G06F16/25,G06F,G06
809,G06F16/951,G06F,G06
809,G06N3/0464,G06N,G06
809,G06N3/0475,G06N,G06
809,G06N3/094,G06N,G06
809,G06Q50/26,G06Q,G06
809,G06T11/10,G06T,G06
809,G06T11/60,G06T,G06
809,G06T17/00,G06T,G06
810,G06Q10/0631,G06Q,G06
810,G06Q10/0833,G06Q,G06
810,G06Q10/0835,G06Q,G06
810,G06Q30/0601,G06Q,G06
811,G06F18/20,G06F,G06
811,G06F18/213,G06F,G06
811,G06F18/25,G06F,G06
811,G06N3/0442,G06N,G06
811,G06N3/084,G06N,G06
811,G06N3/092,G06N,G06
811,G06N3/0985,G06N,G06
811,G06Q10/04,G06Q,G06
811,G06Q30/0202,G06Q,G06
812,G06F21/10,G06F,G06
812,G06Q40/04,G06Q,G06
813,G06F18/213,G06F,G06
813,G06F18/25,G06F,G06
813,G06N3/045,G06N,G06
813,G06N3/048,G06N,G06
813,G06N5/04,G06N,G06
813,G06Q30/0601,G06Q,G06
814,G06F18/22,G06F,G06
814,G06F18/26,G06F,G06
814,G06F21/60,G06F,G06
814,G06F21/62,G06F,G06
814,G06F40/289,G06F,G06
814,G06F40/30,G06F,G06
814,G06N5/025,G06N,G06
814,G06Q30/0601,G06Q,G06
814,G06F123/02,G06F,G06
815,G06F16/951,G06F,G06
815,G06F16/9535,G06F,G06
815,G06F18/22,G06F,G06
815,G06F40/30,G06F,G06
815,G06N3/0455,G06N,G06
817,G06F16/9535,G06F,G06
817,G06N20/00,G06N,G06
817,G06N3/08,G06N,G06
817,G06Q10/083,G06Q,G06
817,G06Q20/38,G06Q,G06
817,G06Q30/0207,G06Q,G06
817,G06Q30/0283,G06Q,G06
817,G06Q30/0601,G06Q,G06
818,G06F16/2455,G06F,G06
818,G06F16/248,G06F,G06
818,G06F18/22,G06F,G06
818,G06F18/241,G06F,G06
818,G06F40/117,G06F,G06
818,G06F40/30,G06F,G06
818,G06N3/045,G06N,G06
818,G06N3/0455,G06N,G06
818,G06N3/0464,G06N,G06
818,G06N3/048,G06N,G06
818,G06N3/092,G06N,G06
818,G06Q30/0601,G06Q,G06
819,G06N3/0455,G06N,G06
819,G06T13/40,G06T,G06
819,G10L21/10,G10L,G10
819,H04N21/4402,H04N,H04
819,H04N21/854,H04N,H04
820,G06Q10/0631,G06Q,G06
820,G06Q30/0601,G06Q,G06
820,G06Q50/08,G06Q,G06
821,B25J9/16,B25J,B25
821,G06N3/008,G06N,G06
822,G06F18/214,G06F,G06
822,G06N20/00,G06N,G06
822,G06N20/20,G06N,G06
822,G06N5/01,G06N,G06
822,G06N5/04,G06N,G06
822,G06Q30/0204,G06Q,G06
822,G16H40/20,G16H,G16
822,G16H40/40,G16H,G16
823,G06F18/22,G06F,G06
823,G06F18/231,G06F,G06
823,G06F18/2321,G06F,G06
823,G06F18/25,G06F,G06
823,G06F40/30,G06F,G06
823,G06K19/077,G06K,G06
823,G06N5/04,G06N,G06
823,G06V30/262,G06V,G06
823,G06V30/41,G06V,G06
824,A61B5/00,A61B,A61
824,G06Q50/10,G06Q,G06
824,G16H10/60,G16H,G16
824,G16H20/70,G16H,G16
824,G16H50/20,G16H,G16
824,G16H80/00,G16H,G16
825,G06F16/904,G06F,G06
825,G06F40/186,G06F,G06
825,G06F40/295,G06F,G06
825,G06N3/045,G06N,G06
825,G06Q30/0601,G06Q,G06
826,G06F16/9535,G06F,G06
826,G06F18/213,G06F,G06
826,G06F18/25,G06F,G06
826,G06N3/0442,G06N,G06
826,G06N3/045,G06N,G06
826,G06N3/0455,G06N,G06
826,G06N3/0895,G06N,G06
826,G06N3/098,G06N,G06
827,G06F16/783,G06F,G06
827,G06Q30/0241,G06Q,G06
827,G06Q30/0251,G06Q,G06
827,G06Q30/0601,G06Q,G06
827,H04N21/234,H04N,H04
827,H04N21/254,H04N,H04
827,H04N21/81,H04N,H04
828,G06F18/10,G06F,G06
828,G06F18/25,G06F,G06
828,G06N3/0442,G06N,G06
828,G06N3/126,G06N,G06
828,G06Q10/087,G06Q,G06
828,G06Q10/10,G06Q,G06
828,G06Q30/0601,G06Q,G06
829,G05D1/46,G05D,G05
829,G05D1/622,G05D,G05
829,G08G5/22,G08G,G08
829,G08G5/57,G08G,G08
829,H04N21/214,H04N,H04
829,H04N21/2187,H04N,H04
829,G05D109/20,G05D,G05
830,G06F18/25,G06F,G06
830,G06N3/0499,G06N,G06
830,G06N3/084,G06N,G06
830,G06N3/092,G06N,G06
830,G06N5/04,G06N,G06
830,G06Q10/0635,G06Q,G06
830,G06Q30/0202,G06Q,G06
830,G06Q30/0283,G06Q,G06
831,G05B13/02,G05B,G05
832,G06F16/58,G06F,G06
832,G06F16/583,G06F,G06
832,G06F18/25,G06F,G06
832,G06F40/166,G06F,G06
832,G06F40/30,G06F,G06
832,G06N3/0455,G06N,G06
832,G06N3/0475,G06N,G06
832,G06N5/04,G06N,G06
833,G06N3/0442,G06N,G06
833,G06N3/0455,G06N,G06
833,G06N3/0464,G06N,G06
833,G06N3/0475,G06N,G06
833,G06N3/0895,G06N,G06
833,G06V10/80,G06V,G06
833,G06V10/82,G06V,G06
833,G06V40/20,G06V,G06
833,H04N21/854,H04N,H04
833,H04N21/8543,H04N,H04
833,H04N5/21,H04N,H04
834,G06F18/213,G06F,G06
834,G06F18/22,G06F,G06
834,G06F18/2321,G06F,G06
834,G06N5/022,G06N,G06
834,G06Q30/0242,G06Q,G06
834,H04N21/234,H04N,H04
834,H04N21/44,H04N,H04
834,H04N21/4782,H04N,H04
834,H04N21/8541,H04N,H04
835,G06N3/045,G06N,G06
835,G06N3/0475,G06N,G06
835,G06Q30/0601,G06Q,G06
835,G06T15/04,G06T,G06
835,G06T15/50,G06T,G06
836,G06F16/353,G06F,G06
836,G06F18/25,G06F,G06
836,G06F40/30,G06F,G06
836,G06N5/022,G06N,G06
836,G06N5/04,G06N,G06
836,G06Q30/0601,G06Q,G06
836,G06T13/20,G06T,G06
836,G06T13/40,G06T,G06
836,G06V20/40,G06V,G06
836,G06V40/16,G06V,G06
836,G06V40/20,G06V,G06
836,G10L15/26,G10L,G10
836,G10L25/03,G10L,G10
836,G10L25/18,G10L,G10
836,H04N21/2187,H04N,H04
836,H04N21/466,H04N,H04
836,H04N21/478,H04N,H04
836,H04N21/4788,H04N,H04
837,G06Q30/0601,G06Q,G06
837,G06T17/00,G06T,G06
837,G06T19/00,G06T,G06
837,G06T19/20,G06T,G06
838,G06F18/15,G06F,G06
838,G06F18/213,G06F,G06
838,G06F18/22,G06F,G06
838,G06F18/2433,G06F,G06
838,G06F21/60,G06F,G06
838,G06F21/62,G06F,G06
838,G06N3/0455,G06N,G06
838,G06N3/088,G06N,G06
838,G06N3/096,G06N,G06
838,G06N3/098,G06N,G06
838,G06N5/01,G06N,G06
839,G06F16/3329,G06F,G06
839,G06F16/334,G06F,G06
839,G06F16/338,G06F,G06
839,G06N3/008,G06N,G06
840,G06F16/3329,G06F,G06
840,G06F16/334,G06F,G06
840,G06F16/353,G06F,G06
840,G06F16/36,G06F,G06
840,G06F40/30,G06F,G06
840,G06N3/006,G06N,G06
840,G06N3/0455,G06N,G06
840,G06N5/02,G06N,G06
841,G06N3/092,G06N,G06
841,G06N5/04,G06N,G06
841,G06V10/774,G06V,G06
841,G06V10/82,G06V,G06
841,G06V20/40,G06V,G06
842,G06F16/9535,G06F,G06
842,G06F18/213,G06F,G06
842,G06F18/25,G06F,G06
842,G06N3/045,G06N,G06
843,G06F21/62,G06F,G06
843,G06Q30/0201,G06Q,G06
843,G06Q30/0242,G06Q,G06
844,G06N20/00,G06N,G06
844,G06Q10/04,G06Q,G06
844,G06Q10/0631,G06Q,G06
844,G06Q10/0875,G06Q,G06
844,G06Q30/0202,G06Q,G06
845,G06F16/906,G06F,G06
845,G06F16/9535,G06F,G06
845,G06F18/24,G06F,G06
845,G06F18/25,G06F,G06
846,G06N3/042,G06N,G06
846,G06N3/045,G06N,G06
846,G06N3/0475,G06N,G06
846,G06N3/084,G06N,G06
846,G06N3/094,G06N,G06
846,G06N3/096,G06N,G06
846,G06Q10/44,G06Q,G06
846,G06Q30/0201,G06Q,G06
846,G06Q30/0202,G06Q,G06
846,G06Q50/14,G06Q,G06
847,G06N5/025,G06N,G06
847,G06Q10/04,G06Q,G06
847,G06Q10/0631,G06Q,G06
847,G06Q10/083,G06Q,G06
847,G06Q10/0831,G06Q,G06
847,G06Q10/087,G06Q,G06
848,G06F16/215,G06F,G06
848,G06F16/25,G06F,G06
848,G06F16/27,G06F,G06
848,G06F18/22,G06F,G06
848,G06F18/23213,G06F,G06
848,G06F18/243,G06F,G06
848,G06F18/26,G06F,G06
848,G06F21/60,G06F,G06
848,G06F21/62,G06F,G06
848,G06F9/50,G06F,G06
848,G06N20/20,G06N,G06
848,G06N3/092,G06N,G06
848,G06N5/01,G06N,G06
848,G06N5/047,G06N,G06
848,G06Q30/0601,G06Q,G06
848,G06Q40/12,G06Q,G06
848,H03M7/30,H03M,H03
849,G06Q10/0633,G06Q,G06
849,G06Q10/20,G06Q,G06
849,G06Q30/0601,G06Q,G06
849,G06Q10/00,G06Q,G06
849,G06Q30/00,G06Q,G06
850,G06N3/092,G06N,G06
850,G06Q30/0207,G06Q,G06
850,G06Q30/0601,G06Q,G06
851,G06N5/045,G06N,G06
851,G06T5/70,G06T,G06
851,G06T5/73,G06T,G06
851,H04N21/2187,H04N,H04
851,H04N21/234,H04N,H04
851,H04N21/44,H04N,H04
852,G06F40/205,G06F,G06
852,G06N5/04,G06N,G06
852,G06V10/774,G06V,G06
852,G06V10/776,G06V,G06
852,G06V20/40,G06V,G06
853,G06F16/335,G06F,G06
853,G06F16/338,G06F,G06
853,G06F16/36,G06F,G06
853,G06F16/901,G06F,G06
853,G06F16/9038,G06F,G06
853,G06F16/904,G06F,G06
853,G06F16/9535,G06F,G06
853,G06N5/01,G06N,G06
853,G06Q30/0601,G06Q,G06
854,G06Q10/087,G06Q,G06
854,G06Q30/0251,G06Q,G06
854,G06Q30/0601,G06Q,G06
855,G06Q10/101,G06Q,G06
855,G06Q20/06,G06Q,G06
855,G06Q40/06,G06Q,G06
855,H04L9/32,H04L,H04
855,G06Q20/40,G06Q,G06
856,G06F21/64,G06F,G06
856,G06N20/00,G06N,G06
856,G06Q10/047,G06Q,G06
856,G06Q10/0631,G06Q,G06
856,G06Q10/067,G06Q,G06
856,G06Q10/083,G06Q,G06
856,G06Q10/087,G06Q,G06
856,H04L67/1042,H04L,H04
856,H04L67/1097,H04L,H04
856,H04L9/00,H04L,H04
856,H04L9/40,H04L,H04
857,G06F16/22,G06F,G06
857,G06F16/2458,G06F,G06
857,G06F16/25,G06F,G06
857,G06F16/28,G06F,G06
857,G06N20/00,G06N,G06
857,G06Q10/0633,G06Q,G06
858,G06F18/10,G06F,G06
858,G06N20/00,G06N,G06
858,G06Q10/0637,G06Q,G06
858,G06Q30/0201,G06Q,G06
858,G06Q30/0202,G06Q,G06
859,G06Q30/0601,G06Q,G06
860,G06T11/00,G06T,G06
861,G06F21/60,G06F,G06
861,G06N10/00,G06N,G06
861,G06Q20/40,G06Q,G06
861,G06N20/00,G06N,G06
862,G01C21/36,G01C,G01
863,G06N20/00,G06N,G06
863,G06N3/08,G06N,G06
863,G06Q50/00,G06Q,G06
864,G06Q20/22,G06Q,G06
864,G06Q20/38,G06Q,G06
864,G06Q20/40,G06Q,G06
864,G06Q30/0282,G06Q,G06
865,G06Q30/0203,G06Q,G06
865,G06Q30/0282,G06Q,G06
866,G06Q20/36,G06Q,G06
866,G06Q20/38,G06Q,G06
868,G06Q20/36,G06Q,G06
868,G06Q20/38,G06Q,G06
868,G06Q40/04,G06Q,G06
868,H04L9/00,H04L,H04
868,H04L9/32,H04L,H04
869,G06F16/951,G06F,G06
869,G06N20/00,G06N,G06
869,G06Q30/0201,G06Q,G06
869,G06Q30/0601,G06Q,G06
869,G06Q30/0645,G06Q,G06
870,G06N20/00,G06N,G06
871,G06F9/50,G06F,G06
871,G06F9/54,G06F,G06
871,H04L61/4511,H04L,H04
872,G06F16/30,G06F,G06
872,G06F16/3331,G06F,G06
872,G06F16/334,G06F,G06
872,G06F16/338,G06F,G06
872,G06F40/30,G06F,G06
872,G06N20/20,G06N,G06
872,H04L9/40,H04L,H04
872,H04L61/4511,H04L,H04
872,H04L67/02,H04L,H04
873,G06F21/31,G06F,G06
873,G06N20/20,G06N,G06
873,G06T1/20,G06T,G06
874,A45D44/00,A45D,A45
874,G06Q30/0601,G06Q,G06
874,G06T11/60,G06T,G06
